Name,姓名,Kin Name,亲戚姓名,Kinship
An Dun,安惇,An Fang,安邡,S
An Dun,安惇,An Fang,安邡,S
An Dun,安惇,An Fang,安邡,S
An Dun,安惇,An Fang,安邡,S
An Dun,安惇,An Fang,安邡,S
An Dun,安惇,An Fang,安邡,S
An Dun,安惇,An Fang,安邡,S
An Dun,安惇,An Bin,安邠,S
An Dun,安惇,An Bin,安邠,S
An Dun,安惇,An Bin,安邠,S
An Dun,安惇,An Bin,安邠,S
An Dun,安惇,An Bin,安邠,S
An Dun,安惇,An Bin,安邠,S
An Dun,安惇,An Bin,安邠,S
An Dun,安惇,An Jiao,安郊,S1
An Dun,安惇,An Jiao,安郊,S1
An Dun,安惇,An Jiao,安郊,S1
An Dun,安惇,An Jiao,安郊,S1
An Dun,安惇,An Jiao,安郊,S1
An Dun,安惇,An Jiao,安郊,S1
An Dun,安惇,An Jiao,安郊,S1
An Dun,安惇,An Bang,安邦,S2
An Dun,安惇,An Bang,安邦,S2
An Dun,安惇,An Bang,安邦,S2
An Dun,安惇,An Bang,安邦,S2
An Dun,安惇,An Bang,安邦,S2
An Dun,安惇,An Bang,安邦,S2
An Dun,安惇,An Bang,安邦,S2
Chen Jian(2),陈戬,Chen Ding(2),陈鼎,S1
Chen Jian(2),陈戬,Chen Xizheng,陈希正,F
Chen Jian(2),陈戬,Chen Nai,陈鼐,S2
Chen Zhizhong,陈执中,Chen Shu(2),陈恕,F
Chen Zhizhong,陈执中,Chen Zhigu,陈执古,B-
Chen Zhizhong,陈执中,Chen Shiru,陈世儒,S
Chen Ruozhuo,陈若拙,Chen Qinzuo,陈钦祚,F
Chen Ruozhuo,陈若拙,Chen Ying,陈映,S
Chen Yaozuo,陈尧佐,Chen Shugu,陈述古,S1
Chen Yaozuo,陈尧佐,Chen Yaosou,陈尧叟,B+
Chen Yaozuo,陈尧佐,Chen Yaozi,陈尧咨,B-
Chen Yaozuo,陈尧佐,Chen Shenghua,陈省华,F
Chen Yaozuo,陈尧佐,Chen Daogu,陈道古,S4
Chen Yaozuo,陈尧佐,Chen Bogu,陈博古,S5
Cheng Lin,程琳,Cheng Sigong,程嗣恭,S3
Cheng Lin,程琳,Cheng Sibi,程嗣弼,S2
Cheng Lin,程琳,Cheng Silong,程嗣隆,S1
Cheng Lin,程琳,Cheng Yuanbo,程元白,F
Cheng Lin,程琳,Cheng Wan,程琬,B+
Cheng Yu,程瑀,Cheng Fu,程拊,F
Cheng Yu,程瑀,Cheng Ran,程柟,F
Zhang Xun,张逊,Zhang Minzhong,张敏中,S1
Zhang Xun,张逊,Zhang Xuzhong,张虚中,S2
Zhang Kangguo,张康国,Zhang Shengqing,张升卿,F
Zhang Kangguo,张康国,Zhang Kangbo,张康伯,B+
Zhang Shangying,张商英,Zhang Wenwei,张文蔚,F
Zhang Shangying,张商英,Zhang Wenwei,张文蔚,F
Zhang Shangying,张商英,Zhang Wenwei,张文蔚,F
Zhang Shangying,张商英,Zhang Wenwei,张文蔚,F
Zhang Shangying,张商英,Zhang Wenwei,张文蔚,F
Zhang Shangying,张商英,Zhang Wenwei,张文蔚,F
Zhang Shangying,张商英,Zhang Tangying,张唐英,B+
Zhang Shangying,张商英,Zhang Tangying,张唐英,B+
Zhang Shangying,张商英,Zhang Tangying,张唐英,B+
Zhang Shangying,张商英,Zhang Tangying,张唐英,B+
Zhang Shangying,张商英,Zhang Tangying,张唐英,B+
Zhang Shangying,张商英,Zhang Tangying,张唐英,B+
Zhang Shixun,张士逊,Zhang Youzhi,张友直,S1
Zhang Shixun,张士逊,Zhang Tinglang,张廷朗,F
Zhang Shixun,张士逊,Zhang Youzheng,张友正,S3
Zhang Dun,章惇,Zhang Yu,章俞,F
Zhang Dun,章惇,Zhang Yu,章俞,F
Zhang Dun,章惇,Zhang Yu,章俞,F
Zhang Dun,章惇,Zhang Yu,章俞,F
Zhang Dun,章惇,Zhang Yu,章俞,F
Zhang Dun,章惇,Zhang Yu,章俞,F
Zhang Dun,章惇,Zhang Yu,章俞,F
Zhang Dun,章惇,Zhang Yu,章俞,F
Zhang Dun,章惇,Zhang Yu,章俞,F
Zhang Dun,章惇,Zhang Yu,章俞,F
Zhang Dun,章惇,Zhang Yu,章俞,F
Zhang Dun,章惇,Zhang Yu,章俞,F
Zhang Dun,章惇,Zhang Yu,章俞,F
Zhang Dun,章惇,Zhang Yu,章俞,F
Zhang Dun,章惇,Zhang Yu,章俞,F
Zhang Dun,章惇,Zhang Yu,章俞,F
Zhang Dun,章惇,Zhang Yu,章俞,F
Zhang Dun,章惇,Zhang Yu,章俞,F
Zhang Dun,章惇,Zhang Yu,章俞,F
Zhang Dun,章惇,Zhang Yu,章俞,F
Zhang Dun,章惇,Zhang Yu,章俞,F
Zhang Dun,章惇,Zhang Yu,章俞,F
Zhang Dun,章惇,Zhang Yu,章俞,F
Zhang Dun,章惇,Zhang Yu,章俞,F
Zhang Dun,章惇,Zhang Yu,章俞,F
Zhang Dun,章惇,Zhang Yu,章俞,F
Zhang Dun,章惇,Zhang Yu,章俞,F
Zhang Dun,章惇,Zhang Yu,章俞,F
Zhang Dun,章惇,Zhang Yu,章俞,F
Zhang Dun,章惇,Zhang Yu,章俞,F
Zhang Dun,章惇,Zhang Chi,章持,S
Zhang Dun,章惇,Zhang Chi,章持,S
Zhang Dun,章惇,Zhang Chi,章持,S
Zhang Dun,章惇,Zhang Chi,章持,S
Zhang Dun,章惇,Zhang Chi,章持,S
Zhang Dun,章惇,Zhang Chi,章持,S
Zhang Dun,章惇,Zhang Chi,章持,S
Zhang Dun,章惇,Zhang Chi,章持,S
Zhang Dun,章惇,Zhang Chi,章持,S
Zhang Dun,章惇,Zhang Chi,章持,S
Zhang Dun,章惇,Zhang Chi,章持,S
Zhang Dun,章惇,Zhang Chi,章持,S
Zhang Dun,章惇,Zhang Chi,章持,S
Zhang Dun,章惇,Zhang Chi,章持,S
Zhang Dun,章惇,Zhang Chi,章持,S
Zhang Dun,章惇,Zhang Chi,章持,S
Zhang Dun,章惇,Zhang Chi,章持,S
Zhang Dun,章惇,Zhang Chi,章持,S
Zhang Dun,章惇,Zhang Chi,章持,S
Zhang Dun,章惇,Zhang Chi,章持,S
Zhang Dun,章惇,Zhang Chi,章持,S
Zhang Dun,章惇,Zhang Chi,章持,S
Zhang Dun,章惇,Zhang Chi,章持,S
Zhang Dun,章惇,Zhang Chi,章持,S
Zhang Dun,章惇,Zhang Chi,章持,S
Zhang Dun,章惇,Zhang Chi,章持,S
Zhang Dun,章惇,Zhang Chi,章持,S
Zhang Dun,章惇,Zhang Chi,章持,S
Zhang Dun,章惇,Zhang Chi,章持,S
Zhang Dun,章惇,Zhang Chi,章持,S
Zhang Dun,章惇,Zhang Xin,章訢,B+
Zhang Dun,章惇,Zhang Xin,章訢,B+
Zhang Dun,章惇,Zhang Xin,章訢,B+
Zhang Dun,章惇,Zhang Xin,章訢,B+
Zhang Dun,章惇,Zhang Xin,章訢,B+
Zhang Dun,章惇,Zhang Xin,章訢,B+
Zhang Dun,章惇,Zhang Xin,章訢,B+
Zhang Dun,章惇,Zhang Xin,章訢,B+
Zhang Dun,章惇,Zhang Xin,章訢,B+
Zhang Dun,章惇,Zhang Xin,章訢,B+
Zhang Dun,章惇,Zhang Xin,章訢,B+
Zhang Dun,章惇,Zhang Xin,章訢,B+
Zhang Dun,章惇,Zhang Xin,章訢,B+
Zhang Dun,章惇,Zhang Xin,章訢,B+
Zhang Dun,章惇,Zhang Xin,章訢,B+
Zhang Dun,章惇,Zhang Xin,章訢,B+
Zhang Dun,章惇,Zhang Xin,章訢,B+
Zhang Dun,章惇,Zhang Xin,章訢,B+
Zhang Dun,章惇,Zhang Xin,章訢,B+
Zhang Dun,章惇,Zhang Xin,章訢,B+
Zhang Dun,章惇,Zhang Xin,章訢,B+
Zhang Dun,章惇,Zhang Xin,章訢,B+
Zhang Dun,章惇,Zhang Xin,章訢,B+
Zhang Dun,章惇,Zhang Xin,章訢,B+
Zhang Dun,章惇,Zhang Xin,章訢,B+
Zhang Dun,章惇,Zhang Xin,章訢,B+
Zhang Dun,章惇,Zhang Xin,章訢,B+
Zhang Dun,章惇,Zhang Xin,章訢,B+
Zhang Dun,章惇,Zhang Xin,章訢,B+
Zhang Dun,章惇,Zhang Xin,章訢,B+
Zhang Dun,章惇,Zhang Yuan,章援,S
Zhang Dun,章惇,Zhang Yuan,章援,S
Zhang Dun,章惇,Zhang Yuan,章援,S
Zhang Dun,章惇,Zhang Yuan,章援,S
Zhang Dun,章惇,Zhang Yuan,章援,S
Zhang Dun,章惇,Zhang Yuan,章援,S
Zhang Dun,章惇,Zhang Yuan,章援,S
Zhang Dun,章惇,Zhang Yuan,章援,S
Zhang Dun,章惇,Zhang Yuan,章援,S
Zhang Dun,章惇,Zhang Yuan,章援,S
Zhang Dun,章惇,Zhang Yuan,章援,S
Zhang Dun,章惇,Zhang Yuan,章援,S
Zhang Dun,章惇,Zhang Yuan,章援,S
Zhang Dun,章惇,Zhang Yuan,章援,S
Zhang Dun,章惇,Zhang Yuan,章援,S
Zhang Dun,章惇,Zhang Yuan,章援,S
Zhang Dun,章惇,Zhang Yuan,章援,S
Zhang Dun,章惇,Zhang Yuan,章援,S
Zhang Dun,章惇,Zhang Yuan,章援,S
Zhang Dun,章惇,Zhang Yuan,章援,S
Zhang Dun,章惇,Zhang Yuan,章援,S
Zhang Dun,章惇,Zhang Yuan,章援,S
Zhang Dun,章惇,Zhang Yuan,章援,S
Zhang Dun,章惇,Zhang Yuan,章援,S
Zhang Dun,章惇,Zhang Yuan,章援,S
Zhang Dun,章惇,Zhang Yuan,章援,S
Zhang Dun,章惇,Zhang Yuan,章援,S
Zhang Dun,章惇,Zhang Yuan,章援,S
Zhang Dun,章惇,Zhang Yuan,章援,S
Zhang Dun,章惇,Zhang Yuan,章援,S
Zhang Dun,章惇,Zhang Ze,章择,S
Zhang Dun,章惇,Zhang Ze,章择,S
Zhang Dun,章惇,Zhang Ze,章择,S
Zhang Dun,章惇,Zhang Ze,章择,S
Zhang Dun,章惇,Zhang Ze,章择,S
Zhang Dun,章惇,Zhang Ze,章择,S
Zhang Dun,章惇,Zhang Ze,章择,S
Zhang Dun,章惇,Zhang Ze,章择,S
Zhang Dun,章惇,Zhang Ze,章择,S
Zhang Dun,章惇,Zhang Ze,章择,S
Zhang Dun,章惇,Zhang Ze,章择,S
Zhang Dun,章惇,Zhang Ze,章择,S
Zhang Dun,章惇,Zhang Ze,章择,S
Zhang Dun,章惇,Zhang Ze,章择,S
Zhang Dun,章惇,Zhang Ze,章择,S
Zhang Dun,章惇,Zhang Ze,章择,S
Zhang Dun,章惇,Zhang Ze,章择,S
Zhang Dun,章惇,Zhang Ze,章择,S
Zhang Dun,章惇,Zhang Ze,章择,S
Zhang Dun,章惇,Zhang Ze,章择,S
Zhang Dun,章惇,Zhang Ze,章择,S
Zhang Dun,章惇,Zhang Ze,章择,S
Zhang Dun,章惇,Zhang Ze,章择,S
Zhang Dun,章惇,Zhang Ze,章择,S
Zhang Dun,章惇,Zhang Ze,章择,S
Zhang Dun,章惇,Zhang Ze,章择,S
Zhang Dun,章惇,Zhang Ze,章择,S
Zhang Dun,章惇,Zhang Ze,章择,S
Zhang Dun,章惇,Zhang Ze,章择,S
Zhang Dun,章惇,Zhang Ze,章择,S
Zhao Bian,赵抃,Zhao Yang,赵扬,B-
Zhao Bian,赵抃,Zhao Ji,赵?,S1
Zhao Bian,赵抃,Zhao Wu,赵屼,S2
Zhao Bian,赵抃,Zhao Yacai,赵亚才,F
Zhou Jiazheng,周嘉正,Zhou Shu,周述,F
Zhou Jiazheng,周嘉正,Zhou Yanxian,周彦先,S2
Zhou Jiazheng,周嘉正,Zhou Maoxian,周茂先,S3
Zhou Dunyi,周敦颐,Zhou Shou,周寿,S1
Zhou Dunyi,周敦颐,Zhou Fucheng,周辅成,F
Zhou Dunyi,周敦颐,Zhou Tao,周焘,S2
Fan Chunren,范纯仁,Fan Chunli,范纯礼,B-
Fan Chunren,范纯仁,Fan Chunli,范纯礼,B-
Fan Chunren,范纯仁,Fan Chunli,范纯礼,B-
Fan Chunren,范纯仁,Fan Chunli,范纯礼,B-
Fan Chunren,范纯仁,Fan Chunli,范纯礼,B-
Fan Chunren,范纯仁,Fan Chunli,范纯礼,B-
Fan Chunren,范纯仁,Fan Chunli,范纯礼,B-
Fan Chunren,范纯仁,Fan Chunli,范纯礼,B-
Fan Chunren,范纯仁,Fan Chunli,范纯礼,B-
Fan Chunren,范纯仁,Fan Chuncui,范纯粹,B-
Fan Chunren,范纯仁,Fan Chuncui,范纯粹,B-
Fan Chunren,范纯仁,Fan Chuncui,范纯粹,B-
Fan Chunren,范纯仁,Fan Chuncui,范纯粹,B-
Fan Chunren,范纯仁,Fan Chuncui,范纯粹,B-
Fan Chunren,范纯仁,Fan Chuncui,范纯粹,B-
Fan Chunren,范纯仁,Fan Chuncui,范纯粹,B-
Fan Chunren,范纯仁,Fan Chuncui,范纯粹,B-
Fan Chunren,范纯仁,Fan Chuncui,范纯粹,B-
Fan Chunren,范纯仁,Fan Zhengguo,范正国,S5
Fan Chunren,范纯仁,Fan Zhengguo,范正国,S5
Fan Chunren,范纯仁,Fan Zhengguo,范正国,S5
Fan Chunren,范纯仁,Fan Zhengguo,范正国,S5
Fan Chunren,范纯仁,Fan Zhengguo,范正国,S5
Fan Chunren,范纯仁,Fan Zhengguo,范正国,S5
Fan Chunren,范纯仁,Fan Zhengguo,范正国,S5
Fan Chunren,范纯仁,Fan Zhengguo,范正国,S5
Fan Chunren,范纯仁,Fan Zhengguo,范正国,S5
Fan Chunren,范纯仁,Fan Zhengping,范正平,S2
Fan Chunren,范纯仁,Fan Zhengping,范正平,S2
Fan Chunren,范纯仁,Fan Zhengping,范正平,S2
Fan Chunren,范纯仁,Fan Zhengping,范正平,S2
Fan Chunren,范纯仁,Fan Zhengping,范正平,S2
Fan Chunren,范纯仁,Fan Zhengping,范正平,S2
Fan Chunren,范纯仁,Fan Zhengping,范正平,S2
Fan Chunren,范纯仁,Fan Zhengping,范正平,S2
Fan Chunren,范纯仁,Fan Zhengping,范正平,S2
Fan Chunren,范纯仁,Fan Zhongyan,范仲淹,F
Fan Chunren,范纯仁,Fan Zhongyan,范仲淹,F
Fan Chunren,范纯仁,Fan Zhongyan,范仲淹,F
Fan Chunren,范纯仁,Fan Zhongyan,范仲淹,F
Fan Chunren,范纯仁,Fan Zhongyan,范仲淹,F
Fan Chunren,范纯仁,Fan Zhongyan,范仲淹,F
Fan Chunren,范纯仁,Fan Zhongyan,范仲淹,F
Fan Chunren,范纯仁,Fan Zhongyan,范仲淹,F
Fan Chunren,范纯仁,Fan Zhongyan,范仲淹,F
Fan Chunren,范纯仁,Fan Chunyou,范纯祐,B+
Fan Chunren,范纯仁,Fan Chunyou,范纯祐,B+
Fan Chunren,范纯仁,Fan Chunyou,范纯祐,B+
Fan Chunren,范纯仁,Fan Chunyou,范纯祐,B+
Fan Chunren,范纯仁,Fan Chunyou,范纯祐,B+
Fan Chunren,范纯仁,Fan Chunyou,范纯祐,B+
Fan Chunren,范纯仁,Fan Chunyou,范纯祐,B+
Fan Chunren,范纯仁,Fan Chunyou,范纯祐,B+
Fan Chunren,范纯仁,Fan Chunyou,范纯祐,B+
Fan Chunren,范纯仁,Fan Zhengmin,范正民,S1
Fan Chunren,范纯仁,Fan Zhengmin,范正民,S1
Fan Chunren,范纯仁,Fan Zhengmin,范正民,S1
Fan Chunren,范纯仁,Fan Zhengmin,范正民,S1
Fan Chunren,范纯仁,Fan Zhengmin,范正民,S1
Fan Chunren,范纯仁,Fan Zhengmin,范正民,S1
Fan Chunren,范纯仁,Fan Zhengmin,范正民,S1
Fan Chunren,范纯仁,Fan Zhengmin,范正民,S1
Fan Chunren,范纯仁,Fan Zhengmin,范正民,S1
Fan Chunren,范纯仁,Fan Zhengsi,范正思,S3
Fan Chunren,范纯仁,Fan Zhengsi,范正思,S3
Fan Chunren,范纯仁,Fan Zhengsi,范正思,S3
Fan Chunren,范纯仁,Fan Zhengsi,范正思,S3
Fan Chunren,范纯仁,Fan Zhengsi,范正思,S3
Fan Chunren,范纯仁,Fan Zhengsi,范正思,S3
Fan Chunren,范纯仁,Fan Zhengsi,范正思,S3
Fan Chunren,范纯仁,Fan Zhengsi,范正思,S3
Fan Chunren,范纯仁,Fan Zhengsi,范正思,S3
Fan Chunren,范纯仁,Fan Zhenglu,范正路,S4
Fan Chunren,范纯仁,Fan Zhenglu,范正路,S4
Fan Chunren,范纯仁,Fan Zhenglu,范正路,S4
Fan Chunren,范纯仁,Fan Zhenglu,范正路,S4
Fan Chunren,范纯仁,Fan Zhenglu,范正路,S4
Fan Chunren,范纯仁,Fan Zhenglu,范正路,S4
Fan Chunren,范纯仁,Fan Zhenglu,范正路,S4
Fan Chunren,范纯仁,Fan Zhenglu,范正路,S4
Fan Chunren,范纯仁,Fan Zhenglu,范正路,S4
Fan Chunli,范纯礼,Fan Chunren,范纯仁,B+
Fan Chunli,范纯礼,Fan Chuncui,范纯粹,B-
Fan Chunli,范纯礼,Fan Zhongyan,范仲淹,F
Fan Chunli,范纯礼,Fan Chunyou,范纯祐,B+
Fan Chunli,范纯礼,Fan Zhengji,范正己,S (only son)
Fan Rugui,范如圭,Fan Shunju,范舜举,F
Fan Rugui,范如圭,Fan Niande,范念德,S
Fan Rugui,范如圭,Fan Nianzi,范念兹,S3
Fan Rugui,范如圭,Fan Nianzu,范念祖,S1
Feng Jing,冯京,Feng Shen,冯谌,S1
Feng Jing,冯京,Feng Shi,冯式,F
Feng Jing,冯京,Feng Xun,冯询,S4
Fu Bi,富弼,Fu Yan,富言,F
Fu Bi,富弼,Fu Yan,富言,F
Fu Bi,富弼,Fu Yan,富言,F
Fu Bi,富弼,Fu Yan,富言,F
Fu Bi,富弼,Fu Yan,富言,F
Fu Bi,富弼,Fu Shaojing,富绍京,S2
Fu Bi,富弼,Fu Shaojing,富绍京,S2
Fu Bi,富弼,Fu Shaojing,富绍京,S2
Fu Bi,富弼,Fu Shaojing,富绍京,S2
Fu Bi,富弼,Fu Shaojing,富绍京,S2
Fu Bi,富弼,Fu Shaoting,富绍庭,S1
Fu Bi,富弼,Fu Shaoting,富绍庭,S1
Fu Bi,富弼,Fu Shaoting,富绍庭,S1
Fu Bi,富弼,Fu Shaoting,富绍庭,S1
Fu Bi,富弼,Fu Shaoting,富绍庭,S1
Fu Bi,富弼,Fu Shaolong,富绍隆,S3
Fu Bi,富弼,Fu Shaolong,富绍隆,S3
Fu Bi,富弼,Fu Shaolong,富绍隆,S3
Fu Bi,富弼,Fu Shaolong,富绍隆,S3
Fu Bi,富弼,Fu Shaolong,富绍隆,S3
Han Qi,韩琦,Han Ju(2),韩琚,B+
Han Qi,韩琦,Han Ju(2),韩琚,B+
Han Qi,韩琦,Han Ju(2),韩琚,B+
Han Qi,韩琦,Han Ju(2),韩琚,B+
Han Qi,韩琦,Han Ju(2),韩琚,B+
Han Qi,韩琦,Han Zhongyan,韩忠彦,S1
Han Qi,韩琦,Han Zhongyan,韩忠彦,S1
Han Qi,韩琦,Han Zhongyan,韩忠彦,S1
Han Qi,韩琦,Han Zhongyan,韩忠彦,S1
Han Qi,韩琦,Han Zhongyan,韩忠彦,S1
Han Qi,韩琦,Han Guohua,韩国华,F
Han Qi,韩琦,Han Guohua,韩国华,F
Han Qi,韩琦,Han Guohua,韩国华,F
Han Qi,韩琦,Han Guohua,韩国华,F
Han Qi,韩琦,Han Guohua,韩国华,F
Han Qi,韩琦,Han Cuiyan,韩粹彦,S4
Han Qi,韩琦,Han Cuiyan,韩粹彦,S4
Han Qi,韩琦,Han Cuiyan,韩粹彦,S4
Han Qi,韩琦,Han Cuiyan,韩粹彦,S4
Han Qi,韩琦,Han Cuiyan,韩粹彦,S4
Han Qi,韩琦,Han Chunyan,韩纯彦,S4
Han Qi,韩琦,Han Chunyan,韩纯彦,S4
Han Qi,韩琦,Han Chunyan,韩纯彦,S4
Han Qi,韩琦,Han Chunyan,韩纯彦,S4
Han Qi,韩琦,Han Chunyan,韩纯彦,S4
Han Qi,韩琦,Han Duanyan,韩端彦,S2
Han Qi,韩琦,Han Duanyan,韩端彦,S2
Han Qi,韩琦,Han Duanyan,韩端彦,S2
Han Qi,韩琦,Han Duanyan,韩端彦,S2
Han Qi,韩琦,Han Duanyan,韩端彦,S2
Han Qi,韩琦,Han Jiayan,韩嘉彦,S5
Han Qi,韩琦,Han Jiayan,韩嘉彦,S5
Han Qi,韩琦,Han Jiayan,韩嘉彦,S5
Han Qi,韩琦,Han Jiayan,韩嘉彦,S5
Han Qi,韩琦,Han Jiayan,韩嘉彦,S5
Han Zhen,韩缜,Han Jiang,韩绛,B+
Han Zhen,韩缜,Han Zong,韩综,B+
Han Zhen,韩缜,Han Wei(2),韩纬,B-
Han Zhen,韩缜,Han Yi,韩亿,F
Han Zhen,韩缜,Han Wei,韩维,B+
Han Zhen,韩缜,Han Zongwu,韩宗武,S2
Han Zhen,韩缜,Han Gang,韩纲,B+
Han Zhen,韩缜,Han Mian,韩缅,B-
Han Zhen,韩缜,Han Zongshu,韩宗恕,S1
Han Zhongyan,韩忠彦,Han Qi,韩琦,F
Han Zhongyan,韩忠彦,Han Qi,韩琦,F
Han Zhongyan,韩忠彦,Han Qi,韩琦,F
Han Zhongyan,韩忠彦,Han Cuiyan,韩粹彦,B-
Han Zhongyan,韩忠彦,Han Cuiyan,韩粹彦,B-
Han Zhongyan,韩忠彦,Han Cuiyan,韩粹彦,B-
Han Zhongyan,韩忠彦,Han Zhi(2),韩治,S1
Han Zhongyan,韩忠彦,Han Zhi(2),韩治,S1
Han Zhongyan,韩忠彦,Han Zhi(2),韩治,S1
Han Zhongyan,韩忠彦,Han Chunyan,韩纯彦,B-
Han Zhongyan,韩忠彦,Han Chunyan,韩纯彦,B-
Han Zhongyan,韩忠彦,Han Chunyan,韩纯彦,B-
Han Zhongyan,韩忠彦,Han Hao,韩浩,S3
Han Zhongyan,韩忠彦,Han Hao,韩浩,S3
Han Zhongyan,韩忠彦,Han Hao,韩浩,S3
Han Zhongyan,韩忠彦,Han Duanyan,韩端彦,B-
Han Zhongyan,韩忠彦,Han Duanyan,韩端彦,B-
Han Zhongyan,韩忠彦,Han Duanyan,韩端彦,B-
Han Zhongyan,韩忠彦,Han Zao,韩澡,S2
Han Zhongyan,韩忠彦,Han Zao,韩澡,S2
Han Zhongyan,韩忠彦,Han Zao,韩澡,S2
Han Zhongyan,韩忠彦,Han Cheng(2),韩澄,S4
Han Zhongyan,韩忠彦,Han Cheng(2),韩澄,S4
Han Zhongyan,韩忠彦,Han Cheng(2),韩澄,S4
Xia Song,夏竦,Xia Anqi,夏安期,S (only son)
Xia Song,夏竦,Xia Chenghao,夏承皓,F
Xiang Ziyin,向子諲,Xiang Zongming,向宗明,F
Xiang Ziyin,向子諲,Xiang Wu,向浯,S2
Xiang Ziyin,向子諲,Xiang Fu,向涪,S4
Xiang Ziyin,向子諲,Xiang Dan,向澹,S2
Xiang Ziyin,向子諲,Xiang Ming,向洺,S1
Xue Kui,薛奎,Xue Huaguang,薛化光,F
Xue Kui,薛奎,Xue Mu,薛睦,B+
Xue Kui,薛奎,Xue Shu,薛塾,B-
Xue Kui,薛奎,Xue Zhenru,薛直孺,S (only son)
Xue Bi,薛弼,Xue Qiangli,薛强立,F
Xue Bi,薛弼,Xue Shuyuan,薛叔渊,S1
Hu Ze,胡则,Hu Kai,胡楷,S1
Hu Ze,胡则,Hu Xiang,胡湘,S2
Hu Ze,胡则,Hu Chengshi,胡承师,F
Hu Ze,胡则,Hu Huai,胡淮,S4
Hu Zongyu,胡宗愈,Hu Zonghui,胡宗回,B-
Hu Zongyu,胡宗愈,Hu Zongyan,胡宗炎,B+
Hu Zongyu,胡宗愈,Hu Duanxiu,胡端修,S
Kou Zhun,寇准,Kou Xiang,寇湘,F
Kou Zhun,寇准,Kou Xiang,寇湘,F
Kou Zhun,寇准,Kou Xiang,寇湘,F
Kou Zhun,寇准,Kou Xiang,寇湘,F
Kou Zhun,寇准,Kou Xiang,寇湘,F
Kou Zhun,寇准,Kou Xiang,寇相,F
Kou Zhun,寇准,Kou Xiang,寇相,F
Kou Zhun,寇准,Kou Xiang,寇相,F
Kou Zhun,寇准,Kou Xiang,寇相,F
Kou Zhun,寇准,Kou Xiang,寇相,F
Gao Ruona,高若讷,Gao Huaiyin,高怀諲,F
Gao Ruona,高若讷,Gao Huaiyin,高怀諲,F
Guo Zhi,郭贽,Guo Zhaosheng,郭昭升,S2
Guo Zhi,郭贽,Guo Zhaoyong,郭昭用,S3
Guo Zhi,郭贽,Guo Zhaoyun,郭昭允,S4
Guo Zhi,郭贽,Guo Zhaodu,郭昭度,S
Guo Zhi,郭贽,Guo Zhaozhu,郭昭著,S
Guo Zhizhang,郭知章,Guo Zhiwei,郭知微,B+
Guo Zhizhang,郭知章,Guo Xun,郭询,S
Li Mida,李弥大,Li Mixun,李弥逊,B-
Li Mida,李弥大,Li Zhuan,李撰,F
Li Mida,李弥大,Li Mizheng,李弥正,B-
Li Mida,李弥大,Li Milun,李弥纶,B-
Li Shizhong,李师中,Li Wei,李纬,F
Li Shizhong,李师中,Li Wei,李纬,F
Li Shizhong,李师中,Li Wei,李纬,F
Li Shizhong,李师中,Li Cheng(4),李称,S3
Li Shizhong,李师中,Li Cheng(4),李称,S3
Li Shizhong,李师中,Li Cheng(4),李称,S3
Li Shizhong,李师中,Li Kang,李伉,S4
Li Shizhong,李师中,Li Kang,李伉,S4
Li Shizhong,李师中,Li Kang,李伉,S4
Li Shizhong,李师中,Li Xiu,李修,S1
Li Shizhong,李师中,Li Xiu,李修,S1
Li Shizhong,李师中,Li Xiu,李修,S1
Li Shizhong,李师中,Li Chunzhong,李纯中,B-
Li Shizhong,李师中,Li Chunzhong,李纯中,B-
Li Shizhong,李师中,Li Chunzhong,李纯中,B-
Li Shizhong,李师中,Li Jie(10),李价,S2
Li Shizhong,李师中,Li Jie(10),李价,S2
Li Shizhong,李师中,Li Jie(10),李价,S2
Li Di,李迪,Li Huizhi,李徽之,S2
Li Di,李迪,Li Yanchun,李彦纯,S1
Li Di,李迪,Li Hu,李护,F
Li Di,李迪,Li Mai,李迈,B
Li Di,李迪,Li Buzhi,李补之,S3
Li Di,李迪,Li Jianzhi,李柬之,S
Lv Huiqing,吕惠卿,Lv Heqing,吕和卿,B-
Lv Huiqing,吕惠卿,Lv Heqing,吕和卿,B-
Lv Huiqing,吕惠卿,Lv Heqing,吕和卿,B-
Lv Huiqing,吕惠卿,Lv Heqing,吕和卿,B-
Lv Huiqing,吕惠卿,Lv Heqing,吕和卿,B-
Lv Huiqing,吕惠卿,Lv Heqing,吕和卿,B-
Lv Huiqing,吕惠卿,Lv Heqing,吕和卿,B-
Lv Huiqing,吕惠卿,Lv Heqing,吕和卿,B-
Lv Huiqing,吕惠卿,Lv Heqing,吕和卿,B-
Lv Huiqing,吕惠卿,Lv Heqing,吕和卿,B-
Lv Huiqing,吕惠卿,Lv Shengqing,吕升卿,B-
Lv Huiqing,吕惠卿,Lv Shengqing,吕升卿,B-
Lv Huiqing,吕惠卿,Lv Shengqing,吕升卿,B-
Lv Huiqing,吕惠卿,Lv Shengqing,吕升卿,B-
Lv Huiqing,吕惠卿,Lv Shengqing,吕升卿,B-
Lv Huiqing,吕惠卿,Lv Shengqing,吕升卿,B-
Lv Huiqing,吕惠卿,Lv Shengqing,吕升卿,B-
Lv Huiqing,吕惠卿,Lv Shengqing,吕升卿,B-
Lv Huiqing,吕惠卿,Lv Shengqing,吕升卿,B-
Lv Huiqing,吕惠卿,Lv Shengqing,吕升卿,B-
Lv Huiqing,吕惠卿,Lv Wenqing,吕温卿,B-
Lv Huiqing,吕惠卿,Lv Wenqing,吕温卿,B-
Lv Huiqing,吕惠卿,Lv Wenqing,吕温卿,B-
Lv Huiqing,吕惠卿,Lv Wenqing,吕温卿,B-
Lv Huiqing,吕惠卿,Lv Wenqing,吕温卿,B-
Lv Huiqing,吕惠卿,Lv Wenqing,吕温卿,B-
Lv Huiqing,吕惠卿,Lv Wenqing,吕温卿,B-
Lv Huiqing,吕惠卿,Lv Wenqing,吕温卿,B-
Lv Huiqing,吕惠卿,Lv Wenqing,吕温卿,B-
Lv Huiqing,吕惠卿,Lv Wenqing,吕温卿,B-
Lv Huiqing,吕惠卿,Lv Liangqing,吕谅卿,B-
Lv Huiqing,吕惠卿,Lv Liangqing,吕谅卿,B-
Lv Huiqing,吕惠卿,Lv Liangqing,吕谅卿,B-
Lv Huiqing,吕惠卿,Lv Liangqing,吕谅卿,B-
Lv Huiqing,吕惠卿,Lv Liangqing,吕谅卿,B-
Lv Huiqing,吕惠卿,Lv Liangqing,吕谅卿,B-
Lv Huiqing,吕惠卿,Lv Liangqing,吕谅卿,B-
Lv Huiqing,吕惠卿,Lv Liangqing,吕谅卿,B-
Lv Huiqing,吕惠卿,Lv Liangqing,吕谅卿,B-
Lv Huiqing,吕惠卿,Lv Liangqing,吕谅卿,B-
Lv Huiqing,吕惠卿,Lv Shu,吕璹,F
Lv Huiqing,吕惠卿,Lv Shu,吕璹,F
Lv Huiqing,吕惠卿,Lv Shu,吕璹,F
Lv Huiqing,吕惠卿,Lv Shu,吕璹,F
Lv Huiqing,吕惠卿,Lv Shu,吕璹,F
Lv Huiqing,吕惠卿,Lv Shu,吕璹,F
Lv Huiqing,吕惠卿,Lv Shu,吕璹,F
Lv Huiqing,吕惠卿,Lv Shu,吕璹,F
Lv Huiqing,吕惠卿,Lv Shu,吕璹,F
Lv Huiqing,吕惠卿,Lv Shu,吕璹,F
Lv Huiqing,吕惠卿,Lv Yuan,吕渊,S
Lv Huiqing,吕惠卿,Lv Yuan,吕渊,S
Lv Huiqing,吕惠卿,Lv Yuan,吕渊,S
Lv Huiqing,吕惠卿,Lv Yuan,吕渊,S
Lv Huiqing,吕惠卿,Lv Yuan,吕渊,S
Lv Huiqing,吕惠卿,Lv Yuan,吕渊,S
Lv Huiqing,吕惠卿,Lv Yuan,吕渊,S
Lv Huiqing,吕惠卿,Lv Yuan,吕渊,S
Lv Huiqing,吕惠卿,Lv Yuan,吕渊,S
Lv Huiqing,吕惠卿,Lv Yuan,吕渊,S
Lv Yihao,吕颐浩,Lv Jin,吕搢,S
Lv Yihao,吕颐浩,Lv Jin,吕搢,S
Lv Yihao,吕颐浩,Lv Jin,吕搢,S
Lv Yihao,吕颐浩,Lv Zhuo,吕擢,S
Lv Yihao,吕颐浩,Lv Zhuo,吕擢,S
Lv Yihao,吕颐浩,Lv Zhuo,吕擢,S
Lv Yihao,吕颐浩,Lv Kang,吕抗,S
Lv Yihao,吕颐浩,Lv Kang,吕抗,S
Lv Yihao,吕颐浩,Lv Kang,吕抗,S
Lv Yihao,吕颐浩,Lv Zhi,吕摭,S
Lv Yihao,吕颐浩,Lv Zhi,吕摭,S
Lv Yihao,吕颐浩,Lv Zhi,吕摭,S
Lv Yihao,吕颐浩,Lv Dang,吕当,F
Lv Yihao,吕颐浩,Lv Dang,吕当,F
Lv Yihao,吕颐浩,Lv Dang,吕当,F
Lv Dafang,吕大防,Lv Dazhong,吕大忠,B+
Lv Dafang,吕大防,Lv Dazhong,吕大忠,B+
Lv Dafang,吕大防,Lv Dazhong,吕大忠,B+
Lv Dafang,吕大防,Lv Dazhong,吕大忠,B+
Lv Dafang,吕大防,Lv Dazhong,吕大忠,B+
Lv Dafang,吕大防,Lv Dazhong,吕大忠,B+
Lv Dafang,吕大防,Lv Fen,吕蕡,F
Lv Dafang,吕大防,Lv Fen,吕蕡,F
Lv Dafang,吕大防,Lv Fen,吕蕡,F
Lv Dafang,吕大防,Lv Fen,吕蕡,F
Lv Dafang,吕大防,Lv Fen,吕蕡,F
Lv Dafang,吕大防,Lv Fen,吕蕡,F
Lv Dafang,吕大防,Lv Dajun,吕大钧,B-
Lv Dafang,吕大防,Lv Dajun,吕大钧,B-
Lv Dafang,吕大防,Lv Dajun,吕大钧,B-
Lv Dafang,吕大防,Lv Dajun,吕大钧,B-
Lv Dafang,吕大防,Lv Dajun,吕大钧,B-
Lv Dafang,吕大防,Lv Dajun,吕大钧,B-
Lv Dafang,吕大防,Lv Dalin,吕大临,B-
Lv Dafang,吕大防,Lv Dalin,吕大临,B-
Lv Dafang,吕大防,Lv Dalin,吕大临,B-
Lv Dafang,吕大防,Lv Dalin,吕大临,B-
Lv Dafang,吕大防,Lv Dalin,吕大临,B-
Lv Dafang,吕大防,Lv Dalin,吕大临,B-
Lv Dafang,吕大防,Lv Jingshan,吕景山,S
Lv Dafang,吕大防,Lv Jingshan,吕景山,S
Lv Dafang,吕大防,Lv Jingshan,吕景山,S
Lv Dafang,吕大防,Lv Jingshan,吕景山,S
Lv Dafang,吕大防,Lv Jingshan,吕景山,S
Lv Dafang,吕大防,Lv Jingshan,吕景山,S
Lv Dafang,吕大防,Lv Yinbo,吕寅伯,B
Lv Dafang,吕大防,Lv Yinbo,吕寅伯,B
Lv Dafang,吕大防,Lv Yinbo,吕寅伯,B
Lv Dafang,吕大防,Lv Yinbo,吕寅伯,B
Lv Dafang,吕大防,Lv Yinbo,吕寅伯,B
Lv Dafang,吕大防,Lv Yinbo,吕寅伯,B
Moqi Xie,万俟卨,Mosi Hu,万俟虎,B+
Moqi Xie,万俟卨,Moqi Shi,万俟湜,F
Pan Lianggui,潘良贵,Pan Zuren,潘祖仁,F
Pan Lianggui,潘良贵,Pan Liangzuo,潘良佐,B+
Pan Lianggui,潘良贵,Pan Liangyuan,潘良瑗,B-
Pan Lianggui,潘良贵,Pan Lianghan,潘良翰,B-
Pan Lianggui,潘良贵,Pan Liangneng,潘良能,B-
Pan Mei,潘美,Pan Lin,潘璘,F
Pan Mei,潘美,Pan Weide,潘惟德,S1
Pan Mei,潘美,Pan Weigu,潘惟固,S2
Pan Mei,潘美,Pan Weizheng,潘惟正,S3
Pan Mei,潘美,Pan Weiqing,潘惟清,S4
Pan Mei,潘美,Pan Weixi,潘惟熙,S5
Peng Ruli,彭汝砺,Peng Rufang,彭汝方,B-
Peng Ruli,彭汝砺,Peng Rulin,彭汝霖,B-
Peng Ruli,彭汝砺,Peng A,彭A,F
Peng Ruli,彭汝砺,Peng Rufa,彭汝发,B-
Peng Siyong,彭思永,Peng Yingqiu,彭应求,F
Peng Siyong,彭思永,Peng Wei,彭卫,S1
Peng Siyong,彭思永,Peng Yan,彭衍,S2
Pi Gongbi,皮公弼,Pi Yanzhong,皮彦仲,S
Pi Gongbi,皮公弼,Pi Zhongrong,皮仲容,F
Shen Jichang,沈季长,Shen Bo,沈播,F
Shen Jichang,沈季长,Shen Zhu,沈铢,S1
Shen Jichang,沈季长,Shen Xi,沈锡,S2
Shen Jichang,沈季长,Shen Lin,沈鏻,S3
Shen Liao,沈辽,Shen Gou,沈遘,B+
Shen Liao,沈辽,Shen Fu,沈扶,F
Shen Liao,沈辽,Shen Mai,沈迈,B+
Shi Changyan,施昌言,Shi Shu,施述,S2
Shi Changyan,施昌言,Shi Shu,施述,S2
Shi Changyan,施昌言,Shi Xun,施逊,S5
Shi Changyan,施昌言,Shi Xun,施逊,S5
Shi Changyan,施昌言,Shi Miao,施邈,S
Shi Changyan,施昌言,Shi Miao,施邈,S
Sima Guang,司马光,Sima Chi,司马池,F
Sima Guang,司马光,Sima Chi,司马池,F
Sima Guang,司马光,Sima Chi,司马池,F
Sima Guang,司马光,Sima Chi,司马池,F
Sima Guang,司马光,Sima Chi,司马池,F
Sima Guang,司马光,Sima Chi,司马池,F
Sima Guang,司马光,Sima Chi,司马池,F
Sima Guang,司马光,Sima Chi,司马池,F
Sima Guang,司马光,Sima Chi,司马池,F
Sima Guang,司马光,Sima Chi,司马池,F
Sima Guang,司马光,Sima Chi,司马池,F
Sima Guang,司马光,Sima Chi,司马池,F
Sima Guang,司马光,Sima Chi,司马池,F
Sima Guang,司马光,Sima Chi,司马池,F
Sima Guang,司马光,Sima Chi,司马池,F
Sima Guang,司马光,Sima Chi,司马池,F
Sima Guang,司马光,Sima Chi,司马池,F
Sima Guang,司马光,Sima Chi,司马池,F
Sima Guang,司马光,Sima Chi,司马池,F
Sima Guang,司马光,Sima Chi,司马池,F
Sima Guang,司马光,Sima Chi,司马池,F
Sima Guang,司马光,Sima Chi,司马池,F
Sima Guang,司马光,Sima Chi,司马池,F
Sima Guang,司马光,Sima Dan,司马旦,B+
Sima Guang,司马光,Sima Dan,司马旦,B+
Sima Guang,司马光,Sima Dan,司马旦,B+
Sima Guang,司马光,Sima Dan,司马旦,B+
Sima Guang,司马光,Sima Dan,司马旦,B+
Sima Guang,司马光,Sima Dan,司马旦,B+
Sima Guang,司马光,Sima Dan,司马旦,B+
Sima Guang,司马光,Sima Dan,司马旦,B+
Sima Guang,司马光,Sima Dan,司马旦,B+
Sima Guang,司马光,Sima Dan,司马旦,B+
Sima Guang,司马光,Sima Dan,司马旦,B+
Sima Guang,司马光,Sima Dan,司马旦,B+
Sima Guang,司马光,Sima Dan,司马旦,B+
Sima Guang,司马光,Sima Dan,司马旦,B+
Sima Guang,司马光,Sima Dan,司马旦,B+
Sima Guang,司马光,Sima Dan,司马旦,B+
Sima Guang,司马光,Sima Dan,司马旦,B+
Sima Guang,司马光,Sima Dan,司马旦,B+
Sima Guang,司马光,Sima Dan,司马旦,B+
Sima Guang,司马光,Sima Dan,司马旦,B+
Sima Guang,司马光,Sima Dan,司马旦,B+
Sima Guang,司马光,Sima Dan,司马旦,B+
Sima Guang,司马光,Sima Dan,司马旦,B+
Sima Guang,司马光,Sima Kang,司马康,S
Sima Guang,司马光,Sima Kang,司马康,S
Sima Guang,司马光,Sima Kang,司马康,S
Sima Guang,司马光,Sima Kang,司马康,S
Sima Guang,司马光,Sima Kang,司马康,S
Sima Guang,司马光,Sima Kang,司马康,S
Sima Guang,司马光,Sima Kang,司马康,S
Sima Guang,司马光,Sima Kang,司马康,S
Sima Guang,司马光,Sima Kang,司马康,S
Sima Guang,司马光,Sima Kang,司马康,S
Sima Guang,司马光,Sima Kang,司马康,S
Sima Guang,司马光,Sima Kang,司马康,S
Sima Guang,司马光,Sima Kang,司马康,S
Sima Guang,司马光,Sima Kang,司马康,S
Sima Guang,司马光,Sima Kang,司马康,S
Sima Guang,司马光,Sima Kang,司马康,S
Sima Guang,司马光,Sima Kang,司马康,S
Sima Guang,司马光,Sima Kang,司马康,S
Sima Guang,司马光,Sima Kang,司马康,S
Sima Guang,司马光,Sima Kang,司马康,S
Sima Guang,司马光,Sima Kang,司马康,S
Sima Guang,司马光,Sima Kang,司马康,S
Sima Guang,司马光,Sima Kang,司马康,S
Su Anshi,苏安世,Su Xianxi,苏咸熙,F
Su Zhe,苏辙,Su Chi,苏迟,S1
Su Zhe,苏辙,Su Chi,苏迟,S1
Su Zhe,苏辙,Su Chi,苏迟,S1
Su Zhe,苏辙,Su Chi,苏迟,S1
Su Zhe,苏辙,Su Chi,苏迟,S1
Su Zhe,苏辙,Su Chi,苏迟,S1
Su Zhe,苏辙,Su Chi,苏迟,S1
Su Zhe,苏辙,Su Xun,苏洵,F
Su Zhe,苏辙,Su Xun,苏洵,F
Su Zhe,苏辙,Su Xun,苏洵,F
Su Zhe,苏辙,Su Xun,苏洵,F
Su Zhe,苏辙,Su Xun,苏洵,F
Su Zhe,苏辙,Su Xun,苏洵,F
Su Zhe,苏辙,Su Xun,苏洵,F
Su Zhe,苏辙,Su Shi,苏轼,B+
Su Zhe,苏辙,Su Shi,苏轼,B+
Su Zhe,苏辙,Su Shi,苏轼,B+
Su Zhe,苏辙,Su Shi,苏轼,B+
Su Zhe,苏辙,Su Shi,苏轼,B+
Su Zhe,苏辙,Su Shi,苏轼,B+
Su Zhe,苏辙,Su Shi,苏轼,B+
Su Zhe,苏辙,Su Jiong(2),苏逈,S
Su Zhe,苏辙,Su Jiong(2),苏逈,S
Su Zhe,苏辙,Su Jiong(2),苏逈,S
Su Zhe,苏辙,Su Jiong(2),苏逈,S
Su Zhe,苏辙,Su Jiong(2),苏逈,S
Su Zhe,苏辙,Su Jiong(2),苏逈,S
Su Zhe,苏辙,Su Jiong(2),苏逈,S
Su Zhe,苏辙,Su Kuo,苏适,S
Su Zhe,苏辙,Su Kuo,苏适,S
Su Zhe,苏辙,Su Kuo,苏适,S
Su Zhe,苏辙,Su Kuo,苏适,S
Su Zhe,苏辙,Su Kuo,苏适,S
Su Zhe,苏辙,Su Kuo,苏适,S
Su Zhe,苏辙,Su Kuo,苏适,S
Su Zhe,苏辙,Su Shi,苏适,S2
Su Zhe,苏辙,Su Shi,苏适,S2
Su Zhe,苏辙,Su Shi,苏适,S2
Su Zhe,苏辙,Su Shi,苏适,S2
Su Zhe,苏辙,Su Shi,苏适,S2
Su Zhe,苏辙,Su Shi,苏适,S2
Su Zhe,苏辙,Su Shi,苏适,S2
Sun Gu,孙固,Sun Piao,孙朴,S1
Sun Lan,孙览,Sun Jue,孙觉,B+
Sun Lan,孙览,Sun Jun,孙竣,S1
Sun Lan,孙览,Sun Yi(4),孙亿,F
Tang Jie,唐介,Tang Yiwen,唐义问,S2
Tang Jie,唐介,Tang Jiawen,唐嘉问,S4
Tang Jie,唐介,Tang Zhiwen,唐之问,S5
Tang Jie,唐介,Tang Gong,唐拱,F
Tang Jie,唐介,Tang Shuwen,唐淑问,S1
Tang Jie,唐介,Tang Daiwen,唐待问,S3
Ding Wei,丁谓,Ding Gong,丁珙,S
Ding Wei,丁谓,Ding Gong,丁珙,S
Ding Wei,丁谓,Ding Gong,丁珙,S
Ding Wei,丁谓,Ding Gong,丁珙,S
Ding Wei,丁谓,Ding Gong,丁珙,S
Ding Wei,丁谓,Ding Gong,丁珙,S
Ding Wei,丁谓,Ding Gong,丁珙,S1
Ding Wei,丁谓,Ding Gong,丁珙,S1
Ding Wei,丁谓,Ding Gong,丁珙,S1
Ding Wei,丁谓,Ding Gong,丁珙,S1
Ding Wei,丁谓,Ding Gong,丁珙,S1
Ding Wei,丁谓,Ding Gong,丁珙,S1
Ding Wei,丁谓,Ding Hao,丁颢,F
Ding Wei,丁谓,Ding Hao,丁颢,F
Ding Wei,丁谓,Ding Hao,丁颢,F
Ding Wei,丁谓,Ding Hao,丁颢,F
Ding Wei,丁谓,Ding Hao,丁颢,F
Ding Wei,丁谓,Ding Hao,丁颢,F
Ding Wei,丁谓,Ding D,丁D,B+
Ding Wei,丁谓,Ding D,丁D,B+
Ding Wei,丁谓,Ding D,丁D,B+
Ding Wei,丁谓,Ding D,丁D,B+
Ding Wei,丁谓,Ding D,丁D,B+
Ding Wei,丁谓,Ding D,丁D,B+
Ding Wei,丁谓,Ding Song,丁诵,B-
Ding Wei,丁谓,Ding Song,丁诵,B-
Ding Wei,丁谓,Ding Song,丁诵,B-
Ding Wei,丁谓,Ding Song,丁诵,B-
Ding Wei,丁谓,Ding Song,丁诵,B-
Ding Wei,丁谓,Ding Song,丁诵,B-
Ding Wei,丁谓,Ding Jian,丁谏,B-
Ding Wei,丁谓,Ding Jian,丁谏,B-
Ding Wei,丁谓,Ding Jian,丁谏,B-
Ding Wei,丁谓,Ding Jian,丁谏,B-
Ding Wei,丁谓,Ding Jian,丁谏,B-
Ding Wei,丁谓,Ding Jian,丁谏,B-
Ding Wei,丁谓,Ding Shuo,丁说,B-
Ding Wei,丁谓,Ding Shuo,丁说,B-
Ding Wei,丁谓,Ding Shuo,丁说,B-
Ding Wei,丁谓,Ding Shuo,丁说,B-
Ding Wei,丁谓,Ding Shuo,丁说,B-
Ding Wei,丁谓,Ding Shuo,丁说,B-
Ding Wei,丁谓,Ding Xu,丁珝,S2
Ding Wei,丁谓,Ding Xu,丁珝,S2
Ding Wei,丁谓,Ding Xu,丁珝,S2
Ding Wei,丁谓,Ding Xu,丁珝,S2
Ding Wei,丁谓,Ding Xu,丁珝,S2
Ding Wei,丁谓,Ding Xu,丁珝,S2
Ding Wei,丁谓,Ding Qi,丁玘,S3
Ding Wei,丁谓,Ding Qi,丁玘,S3
Ding Wei,丁谓,Ding Qi,丁玘,S3
Ding Wei,丁谓,Ding Qi,丁玘,S3
Ding Wei,丁谓,Ding Qi,丁玘,S3
Ding Wei,丁谓,Ding Qi,丁玘,S3
Ding Wei,丁谓,Ding Wu,丁珷,S
Ding Wei,丁谓,Ding Wu,丁珷,S
Ding Wei,丁谓,Ding Wu,丁珷,S
Ding Wei,丁谓,Ding Wu,丁珷,S
Ding Wei,丁谓,Ding Wu,丁珷,S
Ding Wei,丁谓,Ding Wu,丁珷,S
Cai Chengxi,蔡承禧,Cai Yuandao,蔡元导,F
Cai Chengxi,蔡承禧,Cai Juhou(2),蔡居厚,S1
Zeng Bu,曾布,Zeng Shu,曾纡,S4
Zeng Bu,曾布,Zeng Shu,曾纡,S4
Zeng Bu,曾布,Zeng Shu,曾纡,S4
Zeng Bu,曾布,Zeng Shu,曾纡,S4
Zeng Bu,曾布,Zeng Shu,曾纡,S4
Zeng Bu,曾布,Zeng Shu,曾纡,S4
Zeng Bu,曾布,Zeng Shu(2),曾纡,S
Zeng Bu,曾布,Zeng Shu(2),曾纡,S
Zeng Bu,曾布,Zeng Shu(2),曾纡,S
Zeng Bu,曾布,Zeng Shu(2),曾纡,S
Zeng Bu,曾布,Zeng Shu(2),曾纡,S
Zeng Bu,曾布,Zeng Shu(2),曾纡,S
Zeng Bu,曾布,Zeng Zhao,曾肇,B-
Zeng Bu,曾布,Zeng Zhao,曾肇,B-
Zeng Bu,曾布,Zeng Zhao,曾肇,B-
Zeng Bu,曾布,Zeng Zhao,曾肇,B-
Zeng Bu,曾布,Zeng Zhao,曾肇,B-
Zeng Bu,曾布,Zeng Zhao,曾肇,B-
Zeng Bu,曾布,Zeng Yizhan,曾易占,F
Zeng Bu,曾布,Zeng Yizhan,曾易占,F
Zeng Bu,曾布,Zeng Yizhan,曾易占,F
Zeng Bu,曾布,Zeng Yizhan,曾易占,F
Zeng Bu,曾布,Zeng Yizhan,曾易占,F
Zeng Bu,曾布,Zeng Yizhan,曾易占,F
Zeng Bu,曾布,Zeng Gong,曾巩,B+
Zeng Bu,曾布,Zeng Gong,曾巩,B+
Zeng Bu,曾布,Zeng Gong,曾巩,B+
Zeng Bu,曾布,Zeng Gong,曾巩,B+
Zeng Bu,曾布,Zeng Gong,曾巩,B+
Zeng Bu,曾布,Zeng Gong,曾巩,B+
Zu Wuze,祖无择,Zu Shian,祖士安,F
Zu Wuze,祖无择,Zu Wupo,祖无颇,B-
Du Yan,杜衍,Du Shen,杜诜,S1
Du Yan,杜衍,Du Shen,杜诜,S1
Du Yan,杜衍,Du Shen,杜诜,S1
Du Yan,杜衍,Du Shen,杜诜,S1
Du Yan,杜衍,Du Suiliang,杜遂良,F
Du Yan,杜衍,Du Suiliang,杜遂良,F
Du Yan,杜衍,Du Suiliang,杜遂良,F
Du Yan,杜衍,Du Suiliang,杜遂良,F
Du Yan,杜衍,Du Xin,杜訢,S2
Du Yan,杜衍,Du Xin,杜訢,S2
Du Yan,杜衍,Du Xin,杜訢,S2
Du Yan,杜衍,Du Xin,杜訢,S2
Wang Anli,王安礼,Wang Anshi,王安石,B+
Wang Anli,王安礼,Wang Yi,王益,F
Wang Anshi,王安石,Wang Anli,王安礼,B-
Wang Anshi,王安石,Wang Anli,王安礼,B-
Wang Anshi,王安石,Wang Anli,王安礼,B-
Wang Anshi,王安石,Wang Anli,王安礼,B-
Wang Anshi,王安石,Wang Anli,王安礼,B-
Wang Anshi,王安石,Wang Anli,王安礼,B-
Wang Anshi,王安石,Wang Anli,王安礼,B-
Wang Anshi,王安石,Wang Anli,王安礼,B-
Wang Anshi,王安石,Wang Anli,王安礼,B-
Wang Anshi,王安石,Wang Anli,王安礼,B-
Wang Anshi,王安石,Wang Anli,王安礼,B-
Wang Anshi,王安石,Wang Anli,王安礼,B-
Wang Anshi,王安石,Wang Anli,王安礼,B-
Wang Anshi,王安石,Wang Anli,王安礼,B-
Wang Anshi,王安石,Wang Anli,王安礼,B-
Wang Anshi,王安石,Wang Anli,王安礼,B-
Wang Anshi,王安石,Wang Anli,王安礼,B-
Wang Anshi,王安石,Wang Anli,王安礼,B-
Wang Anshi,王安石,Wang Anli,王安礼,B-
Wang Anshi,王安石,Wang Anli,王安礼,B-
Wang Anshi,王安石,Wang Anli,王安礼,B-
Wang Anshi,王安石,Wang Pang,王雱,S
Wang Anshi,王安石,Wang Pang,王雱,S
Wang Anshi,王安石,Wang Pang,王雱,S
Wang Anshi,王安石,Wang Pang,王雱,S
Wang Anshi,王安石,Wang Pang,王雱,S
Wang Anshi,王安石,Wang Pang,王雱,S
Wang Anshi,王安石,Wang Pang,王雱,S
Wang Anshi,王安石,Wang Pang,王雱,S
Wang Anshi,王安石,Wang Pang,王雱,S
Wang Anshi,王安石,Wang Pang,王雱,S
Wang Anshi,王安石,Wang Pang,王雱,S
Wang Anshi,王安石,Wang Pang,王雱,S
Wang Anshi,王安石,Wang Pang,王雱,S
Wang Anshi,王安石,Wang Pang,王雱,S
Wang Anshi,王安石,Wang Pang,王雱,S
Wang Anshi,王安石,Wang Pang,王雱,S
Wang Anshi,王安石,Wang Pang,王雱,S
Wang Anshi,王安石,Wang Pang,王雱,S
Wang Anshi,王安石,Wang Pang,王雱,S
Wang Anshi,王安石,Wang Pang,王雱,S
Wang Anshi,王安石,Wang Pang,王雱,S
Wang Anshi,王安石,Wang Anguo,王安国,B-
Wang Anshi,王安石,Wang Anguo,王安国,B-
Wang Anshi,王安石,Wang Anguo,王安国,B-
Wang Anshi,王安石,Wang Anguo,王安国,B-
Wang Anshi,王安石,Wang Anguo,王安国,B-
Wang Anshi,王安石,Wang Anguo,王安国,B-
Wang Anshi,王安石,Wang Anguo,王安国,B-
Wang Anshi,王安石,Wang Anguo,王安国,B-
Wang Anshi,王安石,Wang Anguo,王安国,B-
Wang Anshi,王安石,Wang Anguo,王安国,B-
Wang Anshi,王安石,Wang Anguo,王安国,B-
Wang Anshi,王安石,Wang Anguo,王安国,B-
Wang Anshi,王安石,Wang Anguo,王安国,B-
Wang Anshi,王安石,Wang Anguo,王安国,B-
Wang Anshi,王安石,Wang Anguo,王安国,B-
Wang Anshi,王安石,Wang Anguo,王安国,B-
Wang Anshi,王安石,Wang Anguo,王安国,B-
Wang Anshi,王安石,Wang Anguo,王安国,B-
Wang Anshi,王安石,Wang Anguo,王安国,B-
Wang Anshi,王安石,Wang Anguo,王安国,B-
Wang Anshi,王安石,Wang Anguo,王安国,B-
Wang Anshi,王安石,Wang Yi,王益,F
Wang Anshi,王安石,Wang Yi,王益,F
Wang Anshi,王安石,Wang Yi,王益,F
Wang Anshi,王安石,Wang Yi,王益,F
Wang Anshi,王安石,Wang Yi,王益,F
Wang Anshi,王安石,Wang Yi,王益,F
Wang Anshi,王安石,Wang Yi,王益,F
Wang Anshi,王安石,Wang Yi,王益,F
Wang Anshi,王安石,Wang Yi,王益,F
Wang Anshi,王安石,Wang Yi,王益,F
Wang Anshi,王安石,Wang Yi,王益,F
Wang Anshi,王安石,Wang Yi,王益,F
Wang Anshi,王安石,Wang Yi,王益,F
Wang Anshi,王安石,Wang Yi,王益,F
Wang Anshi,王安石,Wang Yi,王益,F
Wang Anshi,王安石,Wang Yi,王益,F
Wang Anshi,王安石,Wang Yi,王益,F
Wang Anshi,王安石,Wang Yi,王益,F
Wang Anshi,王安石,Wang Yi,王益,F
Wang Anshi,王安石,Wang Yi,王益,F
Wang Anshi,王安石,Wang Yi,王益,F
Wang Anshi,王安石,Wang Anren,王安仁,B+
Wang Anshi,王安石,Wang Anren,王安仁,B+
Wang Anshi,王安石,Wang Anren,王安仁,B+
Wang Anshi,王安石,Wang Anren,王安仁,B+
Wang Anshi,王安石,Wang Anren,王安仁,B+
Wang Anshi,王安石,Wang Anren,王安仁,B+
Wang Anshi,王安石,Wang Anren,王安仁,B+
Wang Anshi,王安石,Wang Anren,王安仁,B+
Wang Anshi,王安石,Wang Anren,王安仁,B+
Wang Anshi,王安石,Wang Anren,王安仁,B+
Wang Anshi,王安石,Wang Anren,王安仁,B+
Wang Anshi,王安石,Wang Anren,王安仁,B+
Wang Anshi,王安石,Wang Anren,王安仁,B+
Wang Anshi,王安石,Wang Anren,王安仁,B+
Wang Anshi,王安石,Wang Anren,王安仁,B+
Wang Anshi,王安石,Wang Anren,王安仁,B+
Wang Anshi,王安石,Wang Anren,王安仁,B+
Wang Anshi,王安石,Wang Anren,王安仁,B+
Wang Anshi,王安石,Wang Anren,王安仁,B+
Wang Anshi,王安石,Wang Anren,王安仁,B+
Wang Anshi,王安石,Wang Anren,王安仁,B+
Wang Anshi,王安石,Wang Pang(3),王滂,S
Wang Anshi,王安石,Wang Pang(3),王滂,S
Wang Anshi,王安石,Wang Pang(3),王滂,S
Wang Anshi,王安石,Wang Pang(3),王滂,S
Wang Anshi,王安石,Wang Pang(3),王滂,S
Wang Anshi,王安石,Wang Pang(3),王滂,S
Wang Anshi,王安石,Wang Pang(3),王滂,S
Wang Anshi,王安石,Wang Pang(3),王滂,S
Wang Anshi,王安石,Wang Pang(3),王滂,S
Wang Anshi,王安石,Wang Pang(3),王滂,S
Wang Anshi,王安石,Wang Pang(3),王滂,S
Wang Anshi,王安石,Wang Pang(3),王滂,S
Wang Anshi,王安石,Wang Pang(3),王滂,S
Wang Anshi,王安石,Wang Pang(3),王滂,S
Wang Anshi,王安石,Wang Pang(3),王滂,S
Wang Anshi,王安石,Wang Pang(3),王滂,S
Wang Anshi,王安石,Wang Pang(3),王滂,S
Wang Anshi,王安石,Wang Pang(3),王滂,S
Wang Anshi,王安石,Wang Pang(3),王滂,S
Wang Anshi,王安石,Wang Pang(3),王滂,S
Wang Anshi,王安石,Wang Pang(3),王滂,S
Wang Qinruo,王钦若,Wang Zhonghua,王仲华,F
Wang Qinruo,王钦若,Wang Zhonghua,王仲华,F
Wang Qinruo,王钦若,Wang Qingzhi,王庆之,S3
Wang Qinruo,王钦若,Wang Qingzhi,王庆之,S3
Wang Qinruo,王钦若,Wang Congyi,王从益,S2
Wang Qinruo,王钦若,Wang Congyi,王从益,S2
Wang Chou,王畴,Wang Bowen,王博文,F
Wang Gui,王珪,Wang Zhongduan,王仲端,S2
Wang Gui,王珪,Wang Zhongshan,王仲山,S4
Wang Gui,王珪,Wang Zhongni,王仲嶷,S3
Wang Gui,王珪,Wang Zhun,王准,F
Wang Gui,王珪,Wang Zhongxiu,王仲修,S1
Wang Gui,王珪,Wang Zhonghuan,王仲?,S
Wang Gui,王珪,Wang Guan,王瓘,B+
Wang Lun,王纶,Wang Chao,王绰,B+
Wang Zudao,王祖道,Wang Xiaoxian(2),王孝先,S
Wang Yaochen,王尧臣,Wang Tonglao,王同老,S1
Wang Yaochen,王尧臣,Wang Tonglao,王同老,S1
Wang Yaochen,王尧臣,Wang Du,王渎,F
Wang Yaochen,王尧臣,Wang Du,王渎,F
Wang Yaochen,王尧臣,Wang Chunchen,王纯臣,B-
Wang Yaochen,王尧臣,Wang Chunchen,王纯臣,B-
Wu Chong,吴充,Wu Anchi,吴安持,S2
Wu Chong,吴充,Wu Jing(2),吴京,B+
Wu Chong,吴充,Wu Fang(2),吴方,B+
Wu Chong,吴充,Wu Daiwen,吴待问,F
Wu Chong,吴充,Wu Anshi,吴安诗,S1
Wu Chong,吴充,Wu Yu,吴育,B+
Wu Mao,吴懋,Wu Gao,吴诰,F
Wu Mao,吴懋,Wu Gao,吴诰,F
Wu Mao,吴懋,Wu Yu,吴愈,B+
Wu Mao,吴懋,Wu Yu,吴愈,B+
Yang Xie,杨偕,Yang Shouqing,杨守庆,F
Yang Xie,杨偕,Yang Chen,杨忱,S1
Yang Xie,杨偕,Yang Zao,杨慥,S2
Yang Tan,杨覃,Yang Wenyou,杨文友,S1
Yang Tan,杨覃,Yang Wenyou,杨文友,S1
Yang Tan,杨覃,Yang Zheng,杨征,F
Yang Tan,杨覃,Yang Zheng,杨征,F
Yang Tan,杨覃,Yang Yu,杨郁,F
Yang Tan,杨覃,Yang Yu,杨郁,F
Yang Tan,杨覃,Yang Wenmin,杨文敏,S2
Yang Tan,杨覃,Yang Wenmin,杨文敏,S2
Yan Shu,晏殊,Yan Zhizhi,晏知止,S4
Yan Shu,晏殊,Yan Zhizhi,晏知止,S4
Yan Shu,晏殊,Yan Chengyu,晏成裕,S2
Yan Shu,晏殊,Yan Chengyu,晏成裕,S2
Yan Shu,晏殊,Yan Gu,晏固,F
Yan Shu,晏殊,Yan Gu,晏固,F
Yan Shu,晏殊,Yan Ying,晏颖,B-
Yan Shu,晏殊,Yan Ying,晏颖,B-
Yan Shu,晏殊,Yan Mingyuan,晏明远,S5
Yan Shu,晏殊,Yan Mingyuan,晏明远,S5
An Fu,安扶,An Tao,安焘,F
Cheng Yi,程颐,Cheng Hao,程颢,B+
Cheng Yi,程颐,Cheng Xiang,程珦,F
Cheng Yi,程颐,Cheng D,程D,S
Cheng Yi,程颐,Cheng Duanzhong,程端中,S1
Cheng Yi,程颐,Cheng Duanque,程端悫,S2
Zhang Zai,章縡,Zhang Jie,章楶,F
Zhang Zai,章縡,Zhang Jie,章楶,F
Zhang Zai,章縡,Zhang Liang,章綡,B
Zhang Zai,章縡,Zhang Liang,章綡,B
Fan Zhen(2),范镇,Fan Baijia,范百嘉,S3
Fan Zhen(2),范镇,Fan Baijia,范百嘉,S3
Fan Zhen(2),范镇,Fan Bailu(2),范百虑,S4
Fan Zhen(2),范镇,Fan Bailu(2),范百虑,S4
Fan Zhen(2),范镇,Fan Baikui,范百揆,S1
Fan Zhen(2),范镇,Fan Baikui,范百揆,S1
Fan Zhen(2),范镇,Fan Zi,范鎡,B+
Fan Zhen(2),范镇,Fan Zi,范鎡,B+
Fan Zhen(2),范镇,Fan Du,范度,F
Fan Zhen(2),范镇,Fan Du,范度,F
Fan Zhen(2),范镇,Fan Kai,范锴,B+
Fan Zhen(2),范镇,Fan Kai,范锴,B+
Fan Zhen(2),范镇,Fan Baisui,范百岁,S4
Fan Zhen(2),范镇,Fan Baisui,范百岁,S4
Xiao Fu,萧服,Xiao Rushi,萧汝奭,F
Xiao Fu,萧服,Xiao Rushi,萧汝奭,F
Xiao Fu,萧服,Xiao Rushi,萧汝奭,F
Hu Yuan,胡瑗,Hu Zhikang,胡志康,S1
Hu Yuan,胡瑗,Hu Ne,胡讷,F
Hu Yuan,胡瑗,Hu Zhining,胡志宁,S2
Gao Qiong,高琼,Gao Jizhong,高继忠,S3
Gao Qiong,高琼,Gao Jixun,高继勋,S1
Gao Qiong,高琼,Gao Qian,高干,F
Gao Qiong,高琼,Gao Jihe,高继和,S3
Su Shi,苏轼,Su Zhe,苏辙,B-
Su Shi,苏轼,Su Zhe,苏辙,B-
Su Shi,苏轼,Su Zhe,苏辙,B-
Su Shi,苏轼,Su Zhe,苏辙,B-
Su Shi,苏轼,Su Zhe,苏辙,B-
Su Shi,苏轼,Su Zhe,苏辙,B-
Su Shi,苏轼,Su Zhe,苏辙,B-
Su Shi,苏轼,Su Xun,苏洵,F
Su Shi,苏轼,Su Xun,苏洵,F
Su Shi,苏轼,Su Xun,苏洵,F
Su Shi,苏轼,Su Xun,苏洵,F
Su Shi,苏轼,Su Xun,苏洵,F
Su Shi,苏轼,Su Xun,苏洵,F
Su Shi,苏轼,Su Xun,苏洵,F
Su Shi,苏轼,Su Dai,苏迨,S2
Su Shi,苏轼,Su Dai,苏迨,S2
Su Shi,苏轼,Su Dai,苏迨,S2
Su Shi,苏轼,Su Dai,苏迨,S2
Su Shi,苏轼,Su Dai,苏迨,S2
Su Shi,苏轼,Su Dai,苏迨,S2
Su Shi,苏轼,Su Dai,苏迨,S2
Su Shi,苏轼,Su Mai,苏迈,S1
Su Shi,苏轼,Su Mai,苏迈,S1
Su Shi,苏轼,Su Mai,苏迈,S1
Su Shi,苏轼,Su Mai,苏迈,S1
Su Shi,苏轼,Su Mai,苏迈,S1
Su Shi,苏轼,Su Mai,苏迈,S1
Su Shi,苏轼,Su Mai,苏迈,S1
Su Shi,苏轼,Su Guo,苏过,S3
Su Shi,苏轼,Su Guo,苏过,S3
Su Shi,苏轼,Su Guo,苏过,S3
Su Shi,苏轼,Su Guo,苏过,S3
Su Shi,苏轼,Su Guo,苏过,S3
Su Shi,苏轼,Su Guo,苏过,S3
Su Shi,苏轼,Su Guo,苏过,S3
Song Qiaonian,宋乔年,Song Chongguo,宋充国,F
Song Qiaonian,宋乔年,Song Sheng,宋升,S
Song Qiaonian,宋乔年,Song Bian,宋昪,S
Cao Xiugu,曹修古,Cao Xiuli,曹修礼,B
Cao Xiugu,曹修古,Cao Xiumu,曹修睦,B-
Zou Hao,邹浩,Zou Xu,邹栩,S
Zou Hao,邹浩,Zou Xu,邹栩,S
Zou Hao,邹浩,Zou Dong,邹洞,B-
Zou Hao,邹浩,Zou Dong,邹洞,B-
Zou Hao,邹浩,Zou Xiang,邹相,S
Zou Hao,邹浩,Zou Xiang,邹相,S
Zou Hao,邹浩,Zou Kuang,邹况,B-
Zou Hao,邹浩,Zou Kuang,邹况,B-
Zou Hao,邹浩,Zou Bing,邹柄,S
Zou Hao,邹浩,Zou Bing,邹柄,S
Zou Hao,邹浩,Zou Jian,邹戬,F
Zou Hao,邹浩,Zou Jian,邹戬,F
Zong Ze,宗泽,Zong Ying,宗颖,S
Zong Ze,宗泽,Zong Ying,宗颖,S
Zong Ze,宗泽,Zong Wo,宗沃,B+
Zong Ze,宗泽,Zong Wo,宗沃,B+
Zong Ze,宗泽,Zong Shunqing,宗舜卿,F
Zong Ze,宗泽,Zong Shunqing,宗舜卿,F
Zong Ze,宗泽,Zong Kui,宗夔,S
Zong Ze,宗泽,Zong Kui,宗夔,S
Wang Zhen,王震,Wang Ke,王克,F
Wang Zhen,王震,Wang Ke,王克,F
Wang Zhen,王震,Wang Yang(3),王仰,S
Wang Zhen,王震,Wang Yang(3),王仰,S
Wang Zhen,王震,Wang Cong,王从,S
Wang Zhen,王震,Wang Cong,王从,S
Chang Anmin,常安民,Chang Tong,常同,S
Chang Anmin,常安民,Chang Gou,常构,F
Jia Fan,贾蕃,Jia Changling,贾昌龄,F
Jia Fan,贾蕃,Jia Gongli,贾公立,S2
Jia Fan,贾蕃,Jia Gongzhi(2),贾公直,S1
Jia Fan,贾蕃,Jia Gongdan,贾公亶,S3
Fan Zuyu,范祖禹,Fan Chong,范冲,S1
Fan Zuyu,范祖禹,Fan Baizhi,范百之,F
Fan Zuyu,范祖禹,Fan Wen,范温,S2
Liu Anshi,刘安世,Liu Hang,刘航,F
Liu Anshi,刘安世,Liu Hang,刘航,F
Liu Anshi,刘安世,Liu Hang,刘航,F
Liu Anshi,刘安世,Liu Boying,刘伯英,S
Liu Anshi,刘安世,Liu Boying,刘伯英,S
Liu Anshi,刘安世,Liu Boying,刘伯英,S
Liu Anshi,刘安世,Liu C,刘C,S
Liu Anshi,刘安世,Liu C,刘C,S
Liu Anshi,刘安世,Liu C,刘C,S
Liu Anshi,刘安世,Li Shi(Wife of Liu Hang),李氏(刘航妻),F
Liu Anshi,刘安世,Li Shi(Wife of Liu Hang),李氏(刘航妻),F
Liu Anshi,刘安世,Li Shi(Wife of Liu Hang),李氏(刘航妻),F
Liu Guangshi,刘光世,Liu Yaoren,刘尧仁,S3
Liu Guangshi,刘光世,Liu Yanqing,刘延庆,F
Liu Guangshi,刘光世,Liu Yaoxun,刘尧勛,S4
Liu Guangshi,刘光世,Liu Kechen,刘克臣,S1
Liu Guangshi,刘光世,Liu Yaozuo,刘尧佐,S2
Liu Guangshi,刘光世,Liu Guangyuan,刘光远,B-
Lv Hui,吕诲,Lv Xun,吕荀,F
Lv Hui,吕诲,Lv Yougeng,吕由庚,S1
Lv Hui,吕诲,Lv Youcheng,吕由诚,S4
Su Shunqin,苏舜钦,Su Qi,苏耆,F
Su Shunqin,苏舜钦,Su Ye,苏液,S2
Su Shunqin,苏舜钦,Su Shunyuan,苏舜元,B+
Su Shunqin,苏舜钦,Su Bi,苏泌,S1
Zeng Zhao,曾肇,Zeng Yi(2),曾怡,S
Zeng Zhao,曾肇,Zeng Bu,曾布,B+
Zeng Zhao,曾肇,Zeng Xu,曾续,S
Zeng Zhao,曾肇,Zeng Xun,曾纁,S
Zeng Zhao,曾肇,Zeng Yizhan,曾易占,F
Zeng Zhao,曾肇,Zeng Gong,曾巩,B+
Zeng Zhao,曾肇,Zeng Tong,曾统,S4
Zeng Zhao,曾肇,Zeng F,曾F,S
Yin Zhu,尹洙,Yin Zhongxuan,尹仲宣,F
Yin Zhu,尹洙,Yin Zhongxuan,尹仲宣,F
Yin Zhu,尹洙,Yin Zhongxuan,尹仲宣,F
Yin Zhu,尹洙,Yin Yuan,尹源,B+
Yin Zhu,尹洙,Yin Yuan,尹源,B+
Yin Zhu,尹洙,Yin Yuan,尹源,B+
Yin Zhu,尹洙,Yin Gou,尹构,S3
Yin Zhu,尹洙,Yin Gou,尹构,S3
Yin Zhu,尹洙,Yin Gou,尹构,S3
Yin Zhu,尹洙,Yin Xiang,尹湘,B-
Yin Zhu,尹洙,Yin Xiang,尹湘,B-
Yin Zhu,尹洙,Yin Xiang,尹湘,B-
Yin Zhu,尹洙,Yin Pu,尹朴,S1
Yin Zhu,尹洙,Yin Pu,尹朴,S1
Yin Zhu,尹洙,Yin Pu,尹朴,S1
Huang Tingjian,黄庭坚,Huang Shu,黄庶,F
Huang Tingjian,黄庭坚,Huang Dalin,黄大临,B+
Huang Tingjian,黄庭坚,Huang Shuda,黄叔达,B-
Huang Tingjian,黄庭坚,Huang Xiang,黄相,S
Huang Tingjian,黄庭坚,Huang Zhongxiong,黄仲熊,B-
Xu Yan,胥偃,Xu Yuanheng,胥元衡,S
Chen Guan(2),陈瓘,Chen Zhengtong,陈正同,S
Chen Guan(2),陈瓘,Chen Zhengtong,陈正同,S
Chen Guan(2),陈瓘,Chen Zhengtong,陈正同,S
Chen Guan(2),陈瓘,Chen Zhengtong,陈正同,S
Chen Guan(2),陈瓘,Chen Zhengtong,陈正同,S
Chen Guan(2),陈瓘,Chen Zhengtong,陈正同,S
Chen Guan(2),陈瓘,Chen Zhenghui,陈正汇,S
Chen Guan(2),陈瓘,Chen Zhenghui,陈正汇,S
Chen Guan(2),陈瓘,Chen Zhenghui,陈正汇,S
Chen Guan(2),陈瓘,Chen Zhenghui,陈正汇,S
Chen Guan(2),陈瓘,Chen Zhenghui,陈正汇,S
Chen Guan(2),陈瓘,Chen Zhenghui,陈正汇,S
Chen Guan(2),陈瓘,Chen Cheng,陈偁,F
Chen Guan(2),陈瓘,Chen Cheng,陈偁,F
Chen Guan(2),陈瓘,Chen Cheng,陈偁,F
Chen Guan(2),陈瓘,Chen Cheng,陈偁,F
Chen Guan(2),陈瓘,Chen Cheng,陈偁,F
Chen Guan(2),陈瓘,Chen Cheng,陈偁,F
Chen Guan(2),陈瓘,Chen Zhengyou,陈正由,S
Chen Guan(2),陈瓘,Chen Zhengyou,陈正由,S
Chen Guan(2),陈瓘,Chen Zhengyou,陈正由,S
Chen Guan(2),陈瓘,Chen Zhengyou,陈正由,S
Chen Guan(2),陈瓘,Chen Zhengyou,陈正由,S
Chen Guan(2),陈瓘,Chen Zhengyou,陈正由,S
Chen Guan(2),陈瓘,Chen Cheng,陈珹,B-
Chen Guan(2),陈瓘,Chen Cheng,陈珹,B-
Chen Guan(2),陈瓘,Chen Cheng,陈珹,B-
Chen Guan(2),陈瓘,Chen Cheng,陈珹,B-
Chen Guan(2),陈瓘,Chen Cheng,陈珹,B-
Chen Guan(2),陈瓘,Chen Cheng,陈珹,B-
Zhang Liang,章綡,Zhang Jie,章楶,F
Zhang Liang,章綡,Zhang Jie,章楶,F
Zhang Liang,章綡,Zhang Zai,章縡,B
Zhang Liang,章綡,Zhang Zai,章縡,B
Zhang Liang,章綡,Zhang Yan,章綖,B
Zhang Liang,章綡,Zhang Yan,章綖,B
Zhang Shao,张邵,Zhang Qi,张祁,B-
Zhang Shao,张邵,Zhang Qi,张祁,B-
Zhang Shao,张邵,Zhang Xiaozhong,张孝忠,S3
Zhang Shao,张邵,Zhang Xiaozhong,张孝忠,S3
Zhang Shao,张邵,Zhang Xiaozeng,张孝曾,S2
Zhang Shao,张邵,Zhang Xiaozeng,张孝曾,S2
Zhang Shao,张邵,Zhang Tan,张郯,B-
Zhang Shao,张邵,Zhang Tan,张郯,B-
Zhang Shao,张邵,Zhang Ji(6),张几,F
Zhang Shao,张邵,Zhang Ji(6),张几,F
Zhang Shao,张邵,Zhang Xiaolan,张孝览,S1
Zhang Shao,张邵,Zhang Xiaolan,张孝览,S1
Jiang Bao,江褒,Jiang Ruming,江汝明,F
Jiang Bao,江褒,Jiang You,江褎,B+
Liu Jian,柳瑊,Liu Zi,柳滋,S
Liu Jian,柳瑊,Liu Wu,柳珷,B+
Wang Yuan(3),王元,Wang Duan,王端,F
Wang Yuan(3),王元,Wang Yi(6),王毅,S1
Wang Yuan(3),王元,Wang Tan(3),王坦,S2
Wang Yuan(3),王元,Wang Fa(3),王发,S3
Wang Yuan(3),王元,Wang Tong(5),王通,S4
Wang Yuan(3),王元,Wang Hu(4),王縠,S5
Chai Yuxi,柴禹锡,Chai Zongliang,柴宗亮,S
Qin Xi,秦熺,Qin Xun,秦埙,S
Qin Xi,秦熺,Qin Xun,秦埙,S
Qin Xi,秦熺,Qin Cheng,秦城,S
Qin Xi,秦熺,Qin Cheng,秦城,S
Qin Gui,秦桧,Qin Zi,秦梓,B+
Qin Gui,秦桧,Qin Zi,秦梓,B+
Qin Gui,秦桧,Qin Zi,秦梓,B+
Qin Gui,秦桧,Qin Zi,秦梓,B+
Qin Gui,秦桧,Qin Zi,秦梓,B+
Qin Gui,秦桧,Qin Zi,秦梓,B+
Qin Gui,秦桧,Qin Zi,秦梓,B+
Qin Gui,秦桧,Qin Zi,秦梓,B+
Qin Gui,秦桧,Qin Zi,秦梓,B+
Qin Gui,秦桧,Qin Zi,秦梓,B+
Qin Gui,秦桧,Qin Zi,秦梓,B+
Qin Gui,秦桧,Qin Zi,秦梓,B+
Qin Gui,秦桧,Qin Zi,秦梓,B+
Qin Gui,秦桧,Qin Zi,秦梓,B+
Qin Gui,秦桧,Qin Zi,秦梓,B+
Qin Gui,秦桧,Qin Zi,秦梓,B+
Qin Gui,秦桧,Qin Zi,秦梓,B+
Qin Gui,秦桧,Qin Zi,秦梓,B+
Qin Gui,秦桧,Qin Zi,秦梓,B+
Qin Gui,秦桧,Qin Zi,秦梓,B+
Qin Gui,秦桧,Qin Zi,秦梓,B+
Qin Gui,秦桧,Qin Zi,秦梓,B+
Qin Gui,秦桧,Qin Zi,秦梓,B+
Qin Gui,秦桧,Qin Zi,秦梓,B+
Qin Gui,秦桧,Qin Zi,秦梓,B+
Qin Gui,秦桧,Qin Zi,秦梓,B+
Qin Gui,秦桧,Qin Zi,秦梓,B+
Qin Gui,秦桧,Qin Zi,秦梓,B+
Qin Gui,秦桧,Qin Zi,秦梓,B+
Qin Gui,秦桧,Qin Zi,秦梓,B+
Qin Gui,秦桧,Qin Zi,秦梓,B+
Qin Gui,秦桧,Qin Zi,秦梓,B+
Qin Gui,秦桧,Qin Zi,秦梓,B+
Qin Gui,秦桧,Qin Zi,秦梓,B+
Qin Gui,秦桧,Qin Zi,秦梓,B+
Qin Gui,秦桧,Qin Zi,秦梓,B+
Qin Gui,秦桧,Qin Zi,秦梓,B+
Qin Gui,秦桧,Qin Zi,秦梓,B+
Qin Gui,秦桧,Qin Zi,秦梓,B+
Qin Gui,秦桧,Qin Zi,秦梓,B+
Qin Gui,秦桧,Qin Zi,秦梓,B+
Qin Gui,秦桧,Qin Zi,秦梓,B+
Qin Gui,秦桧,Qin Zi,秦梓,B+
Qin Gui,秦桧,Qin Zi,秦梓,B+
Qin Gui,秦桧,Qin Zi,秦梓,B+
Qin Gui,秦桧,Qin Zi,秦梓,B+
Qin Gui,秦桧,Qin Zi,秦梓,B+
Qin Gui,秦桧,Qin Zi,秦梓,B+
Qin Gui,秦桧,Qin Zi,秦梓,B+
Qin Gui,秦桧,Qin Zi,秦梓,B+
Qin Gui,秦桧,Qin Zi,秦梓,B+
Qin Gui,秦桧,Qin Zi,秦梓,B+
Qin Gui,秦桧,Qin Zi,秦梓,B+
Qin Gui,秦桧,Qin Zi,秦梓,B+
Qin Gui,秦桧,Qin Zi,秦梓,B+
Qin Gui,秦桧,Qin Zi,秦梓,B+
Qin Gui,秦桧,Qin Zi,秦梓,B+
Qin Gui,秦桧,Qin Zi,秦梓,B+
Qin Gui,秦桧,Qin Zi,秦梓,B+
Qin Gui,秦桧,Qin Zi,秦梓,B+
Qin Gui,秦桧,Qin Zi,秦梓,B+
Qin Gui,秦桧,Qin Zi,秦梓,B+
Qin Gui,秦桧,Qin Minxue,秦敏学,F
Qin Gui,秦桧,Qin Minxue,秦敏学,F
Qin Gui,秦桧,Qin Minxue,秦敏学,F
Qin Gui,秦桧,Qin Minxue,秦敏学,F
Qin Gui,秦桧,Qin Minxue,秦敏学,F
Qin Gui,秦桧,Qin Minxue,秦敏学,F
Qin Gui,秦桧,Qin Minxue,秦敏学,F
Qin Gui,秦桧,Qin Minxue,秦敏学,F
Qin Gui,秦桧,Qin Minxue,秦敏学,F
Qin Gui,秦桧,Qin Minxue,秦敏学,F
Qin Gui,秦桧,Qin Minxue,秦敏学,F
Qin Gui,秦桧,Qin Minxue,秦敏学,F
Qin Gui,秦桧,Qin Minxue,秦敏学,F
Qin Gui,秦桧,Qin Minxue,秦敏学,F
Qin Gui,秦桧,Qin Minxue,秦敏学,F
Qin Gui,秦桧,Qin Minxue,秦敏学,F
Qin Gui,秦桧,Qin Minxue,秦敏学,F
Qin Gui,秦桧,Qin Minxue,秦敏学,F
Qin Gui,秦桧,Qin Minxue,秦敏学,F
Qin Gui,秦桧,Qin Minxue,秦敏学,F
Qin Gui,秦桧,Qin Minxue,秦敏学,F
Qin Gui,秦桧,Qin Minxue,秦敏学,F
Qin Gui,秦桧,Qin Minxue,秦敏学,F
Qin Gui,秦桧,Qin Minxue,秦敏学,F
Qin Gui,秦桧,Qin Minxue,秦敏学,F
Qin Gui,秦桧,Qin Minxue,秦敏学,F
Qin Gui,秦桧,Qin Minxue,秦敏学,F
Qin Gui,秦桧,Qin Minxue,秦敏学,F
Qin Gui,秦桧,Qin Minxue,秦敏学,F
Qin Gui,秦桧,Qin Minxue,秦敏学,F
Qin Gui,秦桧,Qin Minxue,秦敏学,F
Qin Gui,秦桧,Qin Minxue,秦敏学,F
Qin Gui,秦桧,Qin Minxue,秦敏学,F
Qin Gui,秦桧,Qin Minxue,秦敏学,F
Qin Gui,秦桧,Qin Minxue,秦敏学,F
Qin Gui,秦桧,Qin Minxue,秦敏学,F
Qin Gui,秦桧,Qin Minxue,秦敏学,F
Qin Gui,秦桧,Qin Minxue,秦敏学,F
Qin Gui,秦桧,Qin Minxue,秦敏学,F
Qin Gui,秦桧,Qin Minxue,秦敏学,F
Qin Gui,秦桧,Qin Minxue,秦敏学,F
Qin Gui,秦桧,Qin Minxue,秦敏学,F
Qin Gui,秦桧,Qin Minxue,秦敏学,F
Qin Gui,秦桧,Qin Minxue,秦敏学,F
Qin Gui,秦桧,Qin Minxue,秦敏学,F
Qin Gui,秦桧,Qin Minxue,秦敏学,F
Qin Gui,秦桧,Qin Minxue,秦敏学,F
Qin Gui,秦桧,Qin Minxue,秦敏学,F
Qin Gui,秦桧,Qin Minxue,秦敏学,F
Qin Gui,秦桧,Qin Minxue,秦敏学,F
Qin Gui,秦桧,Qin Minxue,秦敏学,F
Qin Gui,秦桧,Qin Minxue,秦敏学,F
Qin Gui,秦桧,Qin Minxue,秦敏学,F
Qin Gui,秦桧,Qin Minxue,秦敏学,F
Qin Gui,秦桧,Qin Minxue,秦敏学,F
Qin Gui,秦桧,Qin Minxue,秦敏学,F
Qin Gui,秦桧,Qin Minxue,秦敏学,F
Qin Gui,秦桧,Qin Minxue,秦敏学,F
Qin Gui,秦桧,Qin Minxue,秦敏学,F
Qin Gui,秦桧,Qin Minxue,秦敏学,F
Qin Gui,秦桧,Qin Minxue,秦敏学,F
Qin Gui,秦桧,Qin Minxue,秦敏学,F
Zhao Gai,赵槩,Zhao Gan,赵干,F
Zhao Pu,赵普,Zhao Anyi,赵安易,B-
Zhao Pu,赵普,Zhao Anyi,赵安易,B-
Zhao Pu,赵普,Zhao Anyi,赵安易,B-
Zhao Pu,赵普,Zhao Anyi,赵安易,B-
Zhao Pu,赵普,Zhao Cheng(2),赵承,S
Zhao Pu,赵普,Zhao Cheng(2),赵承,S
Zhao Pu,赵普,Zhao Cheng(2),赵承,S
Zhao Pu,赵普,Zhao Cheng(2),赵承,S
Zhao Pu,赵普,Zhao Gu,赵固,B-
Zhao Pu,赵普,Zhao Gu,赵固,B-
Zhao Pu,赵普,Zhao Gu,赵固,B-
Zhao Pu,赵普,Zhao Gu,赵固,B-
Zhao Pu,赵普,Zhao Chengzong,赵承宗,S
Zhao Pu,赵普,Zhao Chengzong,赵承宗,S
Zhao Pu,赵普,Zhao Chengzong,赵承宗,S
Zhao Pu,赵普,Zhao Chengzong,赵承宗,S
Zhao Pu,赵普,Zhao Chengxu,赵承煦,S
Zhao Pu,赵普,Zhao Chengxu,赵承煦,S
Zhao Pu,赵普,Zhao Chengxu,赵承煦,S
Zhao Pu,赵普,Zhao Chengxu,赵承煦,S
Zhao Pu,赵普,Zhao Hui,赵回,F
Zhao Pu,赵普,Zhao Hui,赵回,F
Zhao Pu,赵普,Zhao Hui,赵回,F
Zhao Pu,赵普,Zhao Hui,赵回,F
Zhao Ding,赵鼎,Zhao Mi,赵谧,S
Zhao Ding,赵鼎,Zhao Fen,赵汾,S
Zheng Juzhong,郑居中,Zheng Qiaonian,郑侨年,S
Zheng Juzhong,郑居中,Zheng Qiaonian,郑侨年,S
Zheng Juzhong,郑居中,Zheng Jiuzhong,郑久中,B-
Zheng Juzhong,郑居中,Zheng Jiuzhong,郑久中,B-
Zheng Juzhong,郑居中,Zheng Qiaonian(2),郑桥年,S
Zheng Juzhong,郑居中,Zheng Qiaonian(2),郑桥年,S
Zheng Juzhong,郑居中,Zheng Yinian,郑亿年,S
Zheng Juzhong,郑居中,Zheng Yinian,郑亿年,S
Zheng Juzhong,郑居中,Zheng Xiunian,郑脩年,S1
Zheng Juzhong,郑居中,Zheng Xiunian,郑脩年,S1
Zheng Yong,郑雍,Zheng Youzhang,郑有彰,F
Jia Changchao,贾昌朝,Jia Changheng,贾昌衡,B-
Jia Changchao,贾昌朝,Jia Qing,贾青,S3
Jia Changchao,贾昌朝,Jia Changqi,贾昌期,B-
Jia Changchao,贾昌朝,Jia Zhu,贾注,F
Jia Changchao,贾昌朝,Jia Gui,贾圭,S2
Jia Changchao,贾昌朝,Jia Zhang,贾章,S1
Jia Changchao,贾昌朝,Jia Zhu,贾注,F
Zhu Shengfei,朱胜非,Zhu Xiaqing,朱夏卿,S
Zhu Shengfei,朱胜非,Zhu Xiaqing,朱夏卿,S
Zhu Shengfei,朱胜非,Zhu Shangqing,朱商卿,S
Zhu Shengfei,朱胜非,Zhu Shangqing,朱商卿,S
Chong Shidao,种师道,Chong Shizhong,种师中,B-
Fan Zhongyan,范仲淹,Fan Chunren,范纯仁,S2
Fan Zhongyan,范仲淹,Fan Chunren,范纯仁,S2
Fan Zhongyan,范仲淹,Fan Chunren,范纯仁,S2
Fan Zhongyan,范仲淹,Fan Chunren,范纯仁,S2
Fan Zhongyan,范仲淹,Fan Chunren,范纯仁,S2
Fan Zhongyan,范仲淹,Fan Chunren,范纯仁,S2
Fan Zhongyan,范仲淹,Fan Chunren,范纯仁,S2
Fan Zhongyan,范仲淹,Fan Chunli,范纯礼,S3
Fan Zhongyan,范仲淹,Fan Chunli,范纯礼,S3
Fan Zhongyan,范仲淹,Fan Chunli,范纯礼,S3
Fan Zhongyan,范仲淹,Fan Chunli,范纯礼,S3
Fan Zhongyan,范仲淹,Fan Chunli,范纯礼,S3
Fan Zhongyan,范仲淹,Fan Chunli,范纯礼,S3
Fan Zhongyan,范仲淹,Fan Chunli,范纯礼,S3
Fan Zhongyan,范仲淹,Fan Chuncui,范纯粹,S4
Fan Zhongyan,范仲淹,Fan Chuncui,范纯粹,S4
Fan Zhongyan,范仲淹,Fan Chuncui,范纯粹,S4
Fan Zhongyan,范仲淹,Fan Chuncui,范纯粹,S4
Fan Zhongyan,范仲淹,Fan Chuncui,范纯粹,S4
Fan Zhongyan,范仲淹,Fan Chuncui,范纯粹,S4
Fan Zhongyan,范仲淹,Fan Chuncui,范纯粹,S4
Fan Zhongyan,范仲淹,Fan Zhongwen,范仲温,B+
Fan Zhongyan,范仲淹,Fan Zhongwen,范仲温,B+
Fan Zhongyan,范仲淹,Fan Zhongwen,范仲温,B+
Fan Zhongyan,范仲淹,Fan Zhongwen,范仲温,B+
Fan Zhongyan,范仲淹,Fan Zhongwen,范仲温,B+
Fan Zhongyan,范仲淹,Fan Zhongwen,范仲温,B+
Fan Zhongyan,范仲淹,Fan Zhongwen,范仲温,B+
Fan Zhongyan,范仲淹,Fan Yong(2),范墉,F
Fan Zhongyan,范仲淹,Fan Yong(2),范墉,F
Fan Zhongyan,范仲淹,Fan Yong(2),范墉,F
Fan Zhongyan,范仲淹,Fan Yong(2),范墉,F
Fan Zhongyan,范仲淹,Fan Yong(2),范墉,F
Fan Zhongyan,范仲淹,Fan Yong(2),范墉,F
Fan Zhongyan,范仲淹,Fan Yong(2),范墉,F
Fan Zhongyan,范仲淹,Fan Chunyou,范纯祐,S1
Fan Zhongyan,范仲淹,Fan Chunyou,范纯祐,S1
Fan Zhongyan,范仲淹,Fan Chunyou,范纯祐,S1
Fan Zhongyan,范仲淹,Fan Chunyou,范纯祐,S1
Fan Zhongyan,范仲淹,Fan Chunyou,范纯祐,S1
Fan Zhongyan,范仲淹,Fan Chunyou,范纯祐,S1
Fan Zhongyan,范仲淹,Fan Chunyou,范纯祐,S1
Fan Zhongyan,范仲淹,Fan Yong,范墉,F
Fan Zhongyan,范仲淹,Fan Yong,范墉,F
Fan Zhongyan,范仲淹,Fan Yong,范墉,F
Fan Zhongyan,范仲淹,Fan Yong,范墉,F
Fan Zhongyan,范仲淹,Fan Yong,范墉,F
Fan Zhongyan,范仲淹,Fan Yong,范墉,F
Fan Zhongyan,范仲淹,Fan Yong,范墉,F
Fan Zongyin,范宗尹,Fan Zongji,范宗伋,B-
Fan Zongyin,范宗尹,Fan Zhen(3),范榛,S
Fan Zongyin,范宗尹,Fan Yu,范昱,F
Han Shizhong,韩世忠,Han Yanzhi,韩彦直,S1
Han Shizhong,韩世忠,Han Yanzhi,韩彦质,S2
Han Shizhong,韩世忠,Han Yangu,韩彦古,S4
Han Shizhong,韩世忠,Han Yanpu,韩彦朴,S2
Han Shizhong,韩世忠,Han Qing,韩庆,F
Han Shizhong,韩世忠,Han Liang,韩亮,S1
He Zhizhong,何执中,He Yi,何佾,S
He Zhizhong,何执中,He Yi,何佾,S
He Zhizhong,何执中,He Junping,何君平,F
He Zhizhong,何执中,He Junping,何君平,F
He Zhizhong,何执中,He Zhitong,何志同,S
He Zhizhong,何执中,He Zhitong,何志同,S
Hu Su,胡宿,Hu Zongyan,胡宗炎,S3
Hu Su,胡宿,Hu Zongyan,胡宗炎,S3
Hu Su,胡宿,Hu Zongyao,胡宗尧,S1
Hu Su,胡宿,Hu Zongyao,胡宗尧,S1
Hu Su,胡宿,Hu Lin,胡?,F
Hu Su,胡宿,Hu Lin,胡?,F
Hu Su,胡宿,Hu Dan,胡亶,B+
Hu Su,胡宿,Hu Dan,胡亶,B+
Hu Su,胡宿,Hu Zongzhi,胡宗质,S2
Hu Su,胡宿,Hu Zongzhi,胡宗质,S2
Li Chuyun,李处耘,Li Jilong,李继隆,S
Li Chuyun,李处耘,Li Zhao,李肇,F
Li Chuyun,李处耘,Li Chuchou,李处畴,B+
Li Chuyun,李处耘,Li Jixun,李继恂,S2
Li Chuyun,李处耘,Li Jihe,李继和,S3
Li Gang,李纲,Li Kui,李夔,F
Li Gang,李纲,Li Kui,李夔,F
Li Gang,李纲,Li Kui,李夔,F
Li Gang,李纲,Li Kui,李夔,F
Li Gang,李纲,Li Kui,李夔,F
Li Gang,李纲,Li Kui,李夔,F
Li Gang,李纲,Li Kui,李夔,F
Li Gang,李纲,Li Kui,李夔,F
Li Gang,李纲,Li Kui,李夔,F
Li Gang,李纲,Li Kui,李夔,F
Li Gang,李纲,Li Kui,李夔,F
Li Gang,李纲,Li Kui,李夔,F
Li Gang,李纲,Li Kui,李夔,F
Li Gang,李纲,Li Kui,李夔,F
Li Gang,李纲,Li Kui,李夔,F
Li Gang,李纲,Li Kui,李夔,F
Li Gang,李纲,Li Kui,李夔,F
Li Gang,李纲,Li Zongzhi,李宗之,S2
Li Gang,李纲,Li Zongzhi,李宗之,S2
Li Gang,李纲,Li Zongzhi,李宗之,S2
Li Gang,李纲,Li Zongzhi,李宗之,S2
Li Gang,李纲,Li Zongzhi,李宗之,S2
Li Gang,李纲,Li Zongzhi,李宗之,S2
Li Gang,李纲,Li Zongzhi,李宗之,S2
Li Gang,李纲,Li Zongzhi,李宗之,S2
Li Gang,李纲,Li Zongzhi,李宗之,S2
Li Gang,李纲,Li Zongzhi,李宗之,S2
Li Gang,李纲,Li Zongzhi,李宗之,S2
Li Gang,李纲,Li Zongzhi,李宗之,S2
Li Gang,李纲,Li Zongzhi,李宗之,S2
Li Gang,李纲,Li Zongzhi,李宗之,S2
Li Gang,李纲,Li Zongzhi,李宗之,S2
Li Gang,李纲,Li Zongzhi,李宗之,S2
Li Gang,李纲,Li Zongzhi,李宗之,S2
Li Gang,李纲,Li K,李K,S
Li Gang,李纲,Li K,李K,S
Li Gang,李纲,Li K,李K,S
Li Gang,李纲,Li K,李K,S
Li Gang,李纲,Li K,李K,S
Li Gang,李纲,Li K,李K,S
Li Gang,李纲,Li K,李K,S
Li Gang,李纲,Li K,李K,S
Li Gang,李纲,Li K,李K,S
Li Gang,李纲,Li K,李K,S
Li Gang,李纲,Li K,李K,S
Li Gang,李纲,Li K,李K,S
Li Gang,李纲,Li K,李K,S
Li Gang,李纲,Li K,李K,S
Li Gang,李纲,Li K,李K,S
Li Gang,李纲,Li K,李K,S
Li Gang,李纲,Li K,李K,S
Li Gang,李纲,Li Angzhi,李昂之,S4
Li Gang,李纲,Li Angzhi,李昂之,S4
Li Gang,李纲,Li Angzhi,李昂之,S4
Li Gang,李纲,Li Angzhi,李昂之,S4
Li Gang,李纲,Li Angzhi,李昂之,S4
Li Gang,李纲,Li Angzhi,李昂之,S4
Li Gang,李纲,Li Angzhi,李昂之,S4
Li Gang,李纲,Li Angzhi,李昂之,S4
Li Gang,李纲,Li Angzhi,李昂之,S4
Li Gang,李纲,Li Angzhi,李昂之,S4
Li Gang,李纲,Li Angzhi,李昂之,S4
Li Gang,李纲,Li Angzhi,李昂之,S4
Li Gang,李纲,Li Angzhi,李昂之,S4
Li Gang,李纲,Li Angzhi,李昂之,S4
Li Gang,李纲,Li Angzhi,李昂之,S4
Li Gang,李纲,Li Angzhi,李昂之,S4
Li Gang,李纲,Li Angzhi,李昂之,S4
Li Gang,李纲,Li Jing,李经,B-
Li Gang,李纲,Li Jing,李经,B-
Li Gang,李纲,Li Jing,李经,B-
Li Gang,李纲,Li Jing,李经,B-
Li Gang,李纲,Li Jing,李经,B-
Li Gang,李纲,Li Jing,李经,B-
Li Gang,李纲,Li Jing,李经,B-
Li Gang,李纲,Li Jing,李经,B-
Li Gang,李纲,Li Jing,李经,B-
Li Gang,李纲,Li Jing,李经,B-
Li Gang,李纲,Li Jing,李经,B-
Li Gang,李纲,Li Jing,李经,B-
Li Gang,李纲,Li Jing,李经,B-
Li Gang,李纲,Li Jing,李经,B-
Li Gang,李纲,Li Jing,李经,B-
Li Gang,李纲,Li Jing,李经,B-
Li Gang,李纲,Li Jing,李经,B-
Li Gang,李纲,Li Lun,李纶,B-
Li Gang,李纲,Li Lun,李纶,B-
Li Gang,李纲,Li Lun,李纶,B-
Li Gang,李纲,Li Lun,李纶,B-
Li Gang,李纲,Li Lun,李纶,B-
Li Gang,李纲,Li Lun,李纶,B-
Li Gang,李纲,Li Lun,李纶,B-
Li Gang,李纲,Li Lun,李纶,B-
Li Gang,李纲,Li Lun,李纶,B-
Li Gang,李纲,Li Lun,李纶,B-
Li Gang,李纲,Li Lun,李纶,B-
Li Gang,李纲,Li Lun,李纶,B-
Li Gang,李纲,Li Lun,李纶,B-
Li Gang,李纲,Li Lun,李纶,B-
Li Gang,李纲,Li Lun,李纶,B-
Li Gang,李纲,Li Lun,李纶,B-
Li Gang,李纲,Li Lun,李纶,B-
Li Guang,李光,Li Mengjian,李孟坚,S2
Li Guang,李光,Li Mengchuan,李孟传,S5
Li Guang,李光,Li Mengbo,李孟博,S1
Li Guang,李光,Li Mengzhen,李孟珍,S3
Li Guang,李光,Li Gao,李高,F
Li Bangyan,李邦彦,Li Bangxian,李邦献,B-
Li Bangyan,李邦彦,Li Yanlao,李严老,S
Li Bangyan,李邦彦,li Pu,李浦,F
Li Bangyan,李邦彦,Li Binlao,李滨老,S
Li Bing,李邴,Li Ye,李邺,B+
Li Bing,李邴,Li Zhuan(2),李瑑,F
Li Bing,李邴,Li Zhen,李缜,S1
Li Bing,李邴,Li Xun(3),李紃,S5
Li Bing,李邴,Li Lun,李纶,S4
Lu Duoxun,卢多逊,Lu Yi(2),卢亿,F
Lu Duoxun,卢多逊,Lu Yong,卢雍,S1
Lu Duoxun,卢多逊,Lu Kuan,卢宽,S2
Lu Duoxun,卢多逊,Lu Cha,卢察,S3
Lu Zongdao,鲁宗道,Lu Zongyan,鲁宗颜,B-
Lu Zongdao,鲁宗道,Lu Yougong,鲁有功,S
Lu Zongdao,鲁宗道,Lu Youli,鲁有立,S
Lv Yijian,吕夷简,Lv Gongzhu,吕公着,S3
Lv Yijian,吕夷简,Lv Gongzhu,吕公着,S3
Lv Yijian,吕夷简,Lv Gongzhu,吕公着,S3
Lv Yijian,吕夷简,Lv Gongzhu,吕公着,S3
Lv Yijian,吕夷简,Lv Gongzhu,吕公着,S3
Lv Yijian,吕夷简,Lv Gongzhu,吕公着,S3
Lv Yijian,吕夷简,Lv Gongru,吕公孺,S4
Lv Yijian,吕夷简,Lv Gongru,吕公孺,S4
Lv Yijian,吕夷简,Lv Gongru,吕公孺,S4
Lv Yijian,吕夷简,Lv Gongru,吕公孺,S4
Lv Yijian,吕夷简,Lv Gongru,吕公孺,S4
Lv Yijian,吕夷简,Lv Gongru,吕公孺,S4
Lv Yijian,吕夷简,Lv Gongbi,吕公弼,S2
Lv Yijian,吕夷简,Lv Gongbi,吕公弼,S2
Lv Yijian,吕夷简,Lv Gongbi,吕公弼,S2
Lv Yijian,吕夷简,Lv Gongbi,吕公弼,S2
Lv Yijian,吕夷简,Lv Gongbi,吕公弼,S2
Lv Yijian,吕夷简,Lv Gongbi,吕公弼,S2
Lv Yijian,吕夷简,Lv Menghen,吕蒙亨,F
Lv Yijian,吕夷简,Lv Menghen,吕蒙亨,F
Lv Yijian,吕夷简,Lv Menghen,吕蒙亨,F
Lv Yijian,吕夷简,Lv Menghen,吕蒙亨,F
Lv Yijian,吕夷简,Lv Menghen,吕蒙亨,F
Lv Yijian,吕夷简,Lv Menghen,吕蒙亨,F
Lv Yijian,吕夷简,Lv Gongchuo,吕公绰,S1
Lv Yijian,吕夷简,Lv Gongchuo,吕公绰,S1
Lv Yijian,吕夷简,Lv Gongchuo,吕公绰,S1
Lv Yijian,吕夷简,Lv Gongchuo,吕公绰,S1
Lv Yijian,吕夷简,Lv Gongchuo,吕公绰,S1
Lv Yijian,吕夷简,Lv Gongchuo,吕公绰,S1
Ma Zhijie,马知节,Ma Quanyi,马全义,F
Ma Zhijie,马知节,Ma Xunmei,马洵美,S1
Su Song,苏颂,Su Jing,苏京,S4
Su Song,苏颂,Su Jing,苏京,S4
Su Song,苏颂,Su Xi,苏熹,S1
Su Song,苏颂,Su Xi,苏熹,S1
Su Song,苏颂,Su Shen,苏绅,F
Su Song,苏颂,Su Shen,苏绅,F
Su Song,苏颂,Su Jiong,苏駉,S3
Su Song,苏颂,Su Jiong,苏駉,S3
Su Song,苏颂,Su Jia,苏嘉,S2
Su Song,苏颂,Su Jia,苏嘉,S2
Su Song,苏颂,Su Zhuo,苏梲,B-
Su Song,苏颂,Su Zhuo,苏梲,B-
Deng Xunwu,邓洵武,Deng Xunren,邓洵仁,B+
Deng Xunwu,邓洵武,Deng Xunren,邓洵仁,B+
Deng Xunwu,邓洵武,Deng Wan,邓绾,F
Deng Xunwu,邓洵武,Deng Wan,邓绾,F
Deng Xunwu,邓洵武,Deng Yong,邓雍,S
Deng Xunwu,邓洵武,Deng Yong,邓雍,S
Di Qing,狄青,Di Pu,狄普,F
Di Qing,狄青,Di Yong,狄咏,S2
Di Qing,狄青,Di Zi,狄谘,S
Cao Liyong,曹利用,Cao Jian,曹谏,F
Cao Liyong,曹利用,Cao Ju,曹渊,S
Wang Boyan,汪伯彦,Wang Zhaoxi,汪召锡,S
Wang Boyan,汪伯彦,Wang Zhaoxi,汪召锡,S
Wang Boyan,汪伯彦,Wang Zhaoxi,汪召锡,S
Wang Boyan,汪伯彦,Wang Zhaosi,汪召嗣,S
Wang Boyan,汪伯彦,Wang Zhaosi,汪召嗣,S
Wang Boyan,汪伯彦,Wang Zhaosi,汪召嗣,S
Wang Fu(7),王黼,Wang Hongfu,王闳孚,S
Wang Fu(7),王黼,Wang Hongfu,王闳孚,S
Wang Fu(7),王黼,Wang Hongfu,王闳孚,S
Wang Fu(7),王黼,Wang Hongfu,王闳孚,S
Wang Fu(7),王黼,Wang Hongfu,王闳孚,S
Wang Fu(7),王黼,Wang Junfu,王隽孚,S
Wang Fu(7),王黼,Wang Junfu,王隽孚,S
Wang Fu(7),王黼,Wang Junfu,王隽孚,S
Wang Fu(7),王黼,Wang Junfu,王隽孚,S
Wang Fu(7),王黼,Wang Junfu,王隽孚,S
Wang Xian(2),王显,Wang Xiyi,王希逸,S1
Wang Xian(2),王显,Wang Xifan,王希范,S2
Wang Dan,王旦,Wang Su,王素,S3
Wang Dan,王旦,Wang Hu,王祜,F
Wang Dan,王旦,Wang Yong,王雍,S1
Wang Dan,王旦,Wang Xu,王旭,B-
Wang Dan,王旦,Wang Yi(10),王懿,B+
Wang Dan,王旦,Wang Chong(6),王冲,S2
Wang Dan,王旦,Wang You,王祐,F
Wen Yi,温益,Wen Wanshi,温万石,S
Yang Yuan(3),杨愿,Yang Su(3),杨宿,F
Yang Yuan(3),杨愿,Yang Su(3),杨宿,F
Yue Fei,岳飞,Yue Lin,岳霖,S3
Yue Fei,岳飞,Yue Lin,岳霖,S3
Yue Fei,岳飞,Yue Lin,岳霖,S3
Yue Fei,岳飞,Yue Lin,岳霖,S3
Yue Fei,岳飞,Yue Lin,岳霖,S3
Yue Fei,岳飞,Yue Lin,岳霖,S3
Yue Fei,岳飞,Yue Lin,岳霖,S3
Yue Fei,岳飞,Yue Lin,岳霖,S3
Yue Fei,岳飞,Yue Lin,岳霖,S3
Yue Fei,岳飞,Yue Lin,岳霖,S3
Yue Fei,岳飞,Yue Yun,岳云,S1
Yue Fei,岳飞,Yue Yun,岳云,S1
Yue Fei,岳飞,Yue Yun,岳云,S1
Yue Fei,岳飞,Yue Yun,岳云,S1
Yue Fei,岳飞,Yue Yun,岳云,S1
Yue Fei,岳飞,Yue Yun,岳云,S1
Yue Fei,岳飞,Yue Yun,岳云,S1
Yue Fei,岳飞,Yue Yun,岳云,S1
Yue Fei,岳飞,Yue Yun,岳云,S1
Yue Fei,岳飞,Yue Yun,岳云,S1
Yue Fei,岳飞,Yue Lei,岳雷,S2
Yue Fei,岳飞,Yue Lei,岳雷,S2
Yue Fei,岳飞,Yue Lei,岳雷,S2
Yue Fei,岳飞,Yue Lei,岳雷,S2
Yue Fei,岳飞,Yue Lei,岳雷,S2
Yue Fei,岳飞,Yue Lei,岳雷,S2
Yue Fei,岳飞,Yue Lei,岳雷,S2
Yue Fei,岳飞,Yue Lei,岳雷,S2
Yue Fei,岳飞,Yue Lei,岳雷,S2
Yue Fei,岳飞,Yue Lei,岳雷,S2
Yue Fei,岳飞,Yue Zhen,岳震,S4
Yue Fei,岳飞,Yue Zhen,岳震,S4
Yue Fei,岳飞,Yue Zhen,岳震,S4
Yue Fei,岳飞,Yue Zhen,岳震,S4
Yue Fei,岳飞,Yue Zhen,岳震,S4
Yue Fei,岳飞,Yue Zhen,岳震,S4
Yue Fei,岳飞,Yue Zhen,岳震,S4
Yue Fei,岳飞,Yue Zhen,岳震,S4
Yue Fei,岳飞,Yue Zhen,岳震,S4
Yue Fei,岳飞,Yue Zhen,岳震,S4
Yue Fei,岳飞,Yue Ting,岳霆,S5
Yue Fei,岳飞,Yue Ting,岳霆,S5
Yue Fei,岳飞,Yue Ting,岳霆,S5
Yue Fei,岳飞,Yue Ting,岳霆,S5
Yue Fei,岳飞,Yue Ting,岳霆,S5
Yue Fei,岳飞,Yue Ting,岳霆,S5
Yue Fei,岳飞,Yue Ting,岳霆,S5
Yue Fei,岳飞,Yue Ting,岳霆,S5
Yue Fei,岳飞,Yue Ting,岳霆,S5
Yue Fei,岳飞,Yue Ting,岳霆,S5
Yue Fei,岳飞,Yue Fan,岳飜,B-
Yue Fei,岳飞,Yue Fan,岳飜,B-
Yue Fei,岳飞,Yue Fan,岳飜,B-
Yue Fei,岳飞,Yue Fan,岳飜,B-
Yue Fei,岳飞,Yue Fan,岳飜,B-
Yue Fei,岳飞,Yue Fan,岳飜,B-
Yue Fei,岳飞,Yue Fan,岳飜,B-
Yue Fei,岳飞,Yue Fan,岳飜,B-
Yue Fei,岳飞,Yue Fan,岳飜,B-
Yue Fei,岳飞,Yue Fan,岳飜,B-
Yue Fei,岳飞,Yue He,岳和,F
Yue Fei,岳飞,Yue He,岳和,F
Yue Fei,岳飞,Yue He,岳和,F
Yue Fei,岳飞,Yue He,岳和,F
Yue Fei,岳飞,Yue He,岳和,F
Yue Fei,岳飞,Yue He,岳和,F
Yue Fei,岳飞,Yue He,岳和,F
Yue Fei,岳飞,Yue He,岳和,F
Yue Fei,岳飞,Yue He,岳和,F
Yue Fei,岳飞,Yue He,岳和,F
Zhao Kuangyin,赵匡胤,Zhao Hongyin,赵弘殷,F
Zhao Kuangyin,赵匡胤,Zhao Tingmei,赵廷美,B-
Zhao Kuangyin,赵匡胤,Zhao Dezhao,赵德昭,S2
Zhao Kuangyin,赵匡胤,Zhao Jiong,赵炅,B-
Zhao Kuangyin,赵匡胤,Zhao Defang,赵德芳,S4
Zhao Kuangyin,赵匡胤,Zhao Guangji,赵光济,B+
Zhao Kuangyin,赵匡胤,Zhao Guangzan,赵光赞,B-
Zhao Kuangyin,赵匡胤,Zhao Dexiu,赵德秀,S1
Zhao Kuangyin,赵匡胤,Zhao Delin,赵德林,S3
Zhao Zhen,赵祯,Zhao Heng,赵恒,F
Zhao Zhen,赵祯,Zhao Heng,赵恒,F
Zhao Zhen,赵祯,Zhao Fang,赵昉,S1
Zhao Zhen,赵祯,Zhao Fang,赵昉,S1
Zhao Zhen,赵祯,Zhao Xin,赵昕,S2
Zhao Zhen,赵祯,Zhao Xin,赵昕,S2
Zhao Zhen,赵祯,Zhao You,赵祐,B+
Zhao Zhen,赵祯,Zhao You,赵祐,B+
Zhao Zhen,赵祯,Zhao Xi,赵曦,S3
Zhao Zhen,赵祯,Zhao Xi,赵曦,S3
Zhao Xu,赵顼,Zhao Shu,赵曙,F
Zhao Xu,赵顼,Zhao Jun(3),赵頵,B-
Zhao Xu,赵顼,Zhao Bi,赵佖,S
Zhao Xu,赵顼,Zhao Yu,赵俣,S
Zhao Xu,赵顼,Zhao Si,赵偲,S
Zhao Xu,赵顼,Zhao Si,赵似,S
Zhao Xu,赵顼,Zhao Yi,赵佾,S1
Zhao Xu,赵顼,Zhao Jun,赵俊,S3
Zhao Xu,赵顼,Zhao Jin,赵仅,S2
Zhao Xu,赵顼,Zhao Hao,赵颢,B-
Hong Hao,洪皓,Hong Kuo,洪适,S1
Hong Hao,洪皓,Hong Zun,洪遵,S2
Hong Hao,洪皓,Hong Yanxian,洪彦先,F
Hong Hao,洪皓,Hong Mai,洪迈,S3
Wu Jie,吴玠,Wu Hui,吴撝,S
Wu Jie,吴玠,Wu Lin,吴璘,B-
Wu Jie,吴玠,Wu Yi,吴扆,F
Wu Jie,吴玠,Wu Gong,吴拱,S
Wu Jie,吴玠,Wu Zong,吴揔,S
Wang Zao,汪藻,Wang Gu,汪谷,F
Wang Zao,汪藻,Wang Dan,汪憺,S3
Wang Zao,汪藻,Wang Tian,汪恬,S1
Wang Zao,汪藻,Wang Ke,汪恪,S2
Zhang Zai,张载,Zhang Di,张迪,F
Zhang Zai,张载,Zhang Jian,张戬,B-
Gao Shi(Wife of Zhao Shu),高氏(赵曙妻),Gao Zunfu,高遵甫,F
Gao Shi(Wife of Zhao Shu),高氏(赵曙妻),Gao Zunfu,高遵甫,F
Gao Shi(Wife of Zhao Shu),高氏(赵曙妻),Zhao Xu,赵顼,S
Gao Shi(Wife of Zhao Shu),高氏(赵曙妻),Zhao Xu,赵顼,S
Gao Shi(Wife of Zhao Shu),高氏(赵曙妻),Gao Shilin,高士林,B-
Gao Shi(Wife of Zhao Shu),高氏(赵曙妻),Gao Shilin,高士林,B-
Gao Shi(Wife of Zhao Shu),高氏(赵曙妻),Gao Shiquan,高士权,B
Gao Shi(Wife of Zhao Shu),高氏(赵曙妻),Gao Shiquan,高士权,B
Gao Shi(Wife of Zhao Shu),高氏(赵曙妻),Zhao Jun(3),赵頵,S3
Gao Shi(Wife of Zhao Shu),高氏(赵曙妻),Zhao Jun(3),赵頵,S3
Gao Shi(Wife of Zhao Shu),高氏(赵曙妻),Zhao Hao,赵颢,S2
Gao Shi(Wife of Zhao Shu),高氏(赵曙妻),Zhao Hao,赵颢,S2
Gao Shi(Wife of Zhao Shu),高氏(赵曙妻),Gao Shixun,高士逊,B-
Gao Shi(Wife of Zhao Shu),高氏(赵曙妻),Gao Shixun,高士逊,B-
Hu Xian,胡宪,Hu Anlao,胡安老,F
Hu Xian,胡宪,Hu Anlao,胡安老,F
Yu Jing,余靖,Yu Qing,余庆,F
Yu Jing,余靖,Yu Qing,余庆,F
Yu Jing,余靖,Yu Qing,余庆,F
Yu Jing,余靖,Yu Qing,余庆,F
Yu Jing,余靖,Yu Qing,余庆,F
Yu Jing,余靖,Yu Qing,余庆,F
Yu Jing,余靖,Yu Zhongxun,余仲询,S2
Yu Jing,余靖,Yu Zhongxun,余仲询,S2
Yu Jing,余靖,Yu Zhongxun,余仲询,S2
Yu Jing,余靖,Yu Zhongxun,余仲询,S2
Yu Jing,余靖,Yu Zhongxun,余仲询,S2
Yu Jing,余靖,Yu Zhongxun,余仲询,S2
Yu Jing,余靖,Yu Bozhuang,余伯庄,S1
Yu Jing,余靖,Yu Bozhuang,余伯庄,S1
Yu Jing,余靖,Yu Bozhuang,余伯庄,S1
Yu Jing,余靖,Yu Bozhuang,余伯庄,S1
Yu Jing,余靖,Yu Bozhuang,余伯庄,S1
Yu Jing,余靖,Yu Bozhuang,余伯庄,S1
Yu Jing,余靖,Yu Shuying,余叔英,S3
Yu Jing,余靖,Yu Shuying,余叔英,S3
Yu Jing,余靖,Yu Shuying,余叔英,S3
Yu Jing,余靖,Yu Shuying,余叔英,S3
Yu Jing,余靖,Yu Shuying,余叔英,S3
Yu Jing,余靖,Yu Shuying,余叔英,S3
Zhang Jiucheng,张九成,Zhang Shen(4),张伸,F
Zhang Jiucheng,张九成,Zhang Shen(4),张伸,F
Zhang Jiucheng,张九成,Zhang Youhou,张幼厚,S
Zhang Jiucheng,张九成,Zhang Youhou,张幼厚,S
Zhang Jiucheng,张九成,Zhang Bohou,张伯厚,S
Zhang Jiucheng,张九成,Zhang Bohou,张伯厚,S
Yang Huizhi,杨徽之,Yang Cheng(3),杨澄,F
Yang Huizhi,杨徽之,Yang Cheng(3),杨澄,F
Zheng Xie,郑獬,Zheng Yu(3),郑纡,F
Zheng Gangzhong,郑刚中,Zheng Bian,郑卞,F
Ye Zuxia,叶祖洽,Ye Zuyi,叶祖谊,B+
Ye Zuxia,叶祖洽,Ye Zuyi,叶祖谊,B+
Zheng Xia,郑侠,Zheng Yun,郑晕,F
Zheng Xia,郑侠,Zheng Rushi,郑汝石,S
Zheng Xia,郑侠,Zheng Kan(3),郑侃,B-
Zheng Xia,郑侠,Zheng Pang,郑雱,S
Kong Daofu,孔道辅,Kong Tao,孔陶,S1
Kong Daofu,孔道辅,Kong Zonghan,孔宗翰,S2
Kong Daofu,孔道辅,Kong Xu,孔勗,F
Xiang Zongliang,向宗良,Xiang Jing,向经,F
Xiang Zongliang,向宗良,Xiang Zonghui,向宗回,B+
Liu Anshang,刘安上,Liu Tao,刘弢,F
Liu Anshang,刘安上,Liu Dang,刘谠,S1
Liu Anshang,刘安上,Liu Gao,刘诰,S3
Liu Anshang,刘安上,Liu Cheng(4),刘诚,S2
Xing Huan,邢焕,Xing Zongxian,邢宗贤,F
Xing Huan,邢焕,Xing Zongxian,邢宗贤,F
Xing Huan,邢焕,Xing Zongxian,邢宗贤,F
Xing Huan,邢焕,Xing Zongxian,邢宗贤,F
Shi Jie(2),石介,Shi He,石合,B-
Shi Jie(2),石介,Shi He,石合,B-
Shi Jie(2),石介,Shi He,石合,B-
Shi Jie(2),石介,Shi Hui,石会,B-
Shi Jie(2),石介,Shi Hui,石会,B-
Shi Jie(2),石介,Shi Hui,石会,B-
Shi Jie(2),石介,Shi Shiyu,石师愚,S
Shi Jie(2),石介,Shi Shiyu,石师愚,S
Shi Jie(2),石介,Shi Shiyu,石师愚,S
Shi Jie(2),石介,Shi Bing,石丙,F
Shi Jie(2),石介,Shi Bing,石丙,F
Shi Jie(2),石介,Shi Bing,石丙,F
Huang Ce(2),黄策,Huang Yan,黄彦,F
Huang Ce(2),黄策,Huang Ying(2),黄缨,S2
Huang Ce(2),黄策,Huang Wei(3),黄维,S1
Huang Ce(2),黄策,Huang Zong,黄纵,S
Liu Shi(Empress of Zhao Heng  ),刘氏(赵恒皇后),Liu Mei,刘美,B+
Liu Shi(Empress of Zhao Heng  ),刘氏(赵恒皇后),Liu Tong,刘通,F
Meng Shi(Wife of Zhao Xu ),孟氏(赵煦妻),Meng Zhonghou,孟忠厚,B+
Meng Shi(Wife of Zhao Xu ),孟氏(赵煦妻),Meng Zai,孟在,F
Miao Fu,苗傅,Miao Lv,苗履,F
Miao Fu,苗傅,Miao Lv,苗履,F
Miao Fu,苗傅,Miao Lv,苗履,F
Miao Fu,苗傅,Miao Lv,苗履,F
Miao Fu,苗傅,Miao Lv,苗履,F
Miao Fu,苗傅,Miao Lv,苗履,F
Shao Bowen,邵伯温,Shao Pu,邵溥,S1
Shao Bowen,邵伯温,Shao Yong,邵雍,F
Shao Bowen,邵伯温,Shao Bo,邵博,S2
Shao Bowen,邵伯温,Shao Fu,邵傅,S3
Liu Yi(10),刘錡,Liu Zhongwu,刘仲武,F
Liu Yu(12),刘豫,Liu Lin,刘麟,S
Liu Yu(12),刘豫,Liu Yi,刘益,B-
Chang Zhi,常秩,Chang Li,常立,S
Deng Su,邓肃,Deng Nanfu,邓南夫,F
Deng Su,邓肃,Deng Nanfu,邓南夫,F
Deng Su,邓肃,Deng Zhou,邓昼,B-
Deng Su,邓肃,Deng Zhou,邓昼,B-
Goulong Ruyuan,句龙如渊,Goulong Zhuan,勾龙僎,S2
Goulong Ruyuan,句龙如渊,Goulong dian,勾龙佃,S1
Goulong Ruyuan,句龙如渊,Goulong Si,勾龙似,S3
Li Shi(Mother of Zhao Zhen),李氏(赵祯母),Li Rende,李仁德,F
Li Shi(Mother of Zhao Zhen),李氏(赵祯母),Zhao Zhen,赵祯,S
Li Shi(Mother of Zhao Zhen),李氏(赵祯母),Li Yonghe,李用和,B-
Shi Tingchen,施庭臣,Shi Yuanran,施渊然,S
Han Xizai,韩熙载,Han Guangsi,韩光嗣,F
